YYYY/MM/DD Time,PointA_latitude,PointA_longitude,PointB_latitude,PointB_longitude
2017/10/4 9:04,38.51833016,140.928326,,
2017/10/4 9:04,35.6627,139.6768161,,
2017/10/4 9:09,35.66486174,139.6771594,,
2017/10/4 9:17,36.09984127,140.0786611,,
2017/10/4 9:21,34.87551332,137.0438917,,
2017/10/4 9:36,33.2512644,130.2809872,,
2017/10/4 10:04,34.02316638,131.8507914,34.02339757,131.8490534
2017/10/4 10:05,35.44214577,136.770067,,
2017/10/4 10:26,36.4454067,136.4968598,,
2017/10/4 10:30,31.9142483,131.443512,,
2017/10/4 10:34,34.299165,134.0527475,,
2017/10/4 10:41,32.81792932,130.6918805,32.81796697,130.6918914
2017/10/4 10:54,35.076193,135.7858161,,
2017/10/4 10:57,35.5921221,139.3789703,,
2017/10/4 11:17,35.739793,140.3220404,,
2017/10/4 11:28,35.1689856,136.8850006,,
2017/10/4 11:31,34.3910446,132.4394866,,
2017/10/4 11:43,34.55856842,135.6788051,,
2017/10/4 11:49,35.1670152,136.8838925,35.16592764,136.8852014
2017/10/4 12:24,34.05064938,131.8010939,,
2017/10/4 13:12,32.6439069,130.6980428,,
2017/10/4 13:20,35.2289642,136.9786031,35.22872544,136.979126
2017/10/4 13:33,34.66317127,135.2077183,,
2017/10/4 13:41,37.0635054,140.8677767,,
2017/10/4 13:46,33.1867799,129.6626823,,
2017/10/4 13:52,35.66158375,140.1187805,35.66167547,140.1187152
2017/10/4 13:53,35.67963046,138.5096638,,
2017/10/4 14:42,33.16373969,129.7760348,,
2017/10/4 14:53,35.32333199,139.5063946,,
2017/10/4 14:54,35.7594513,139.8201086,,
2017/10/4 15:00,34.93886562,137.1691695,,
2017/10/4 15:27,35.14348861,138.8364535,,
2017/10/4 15:47,34.26636518,134.1509317,,
2017/10/4 16:24,35.90973572,139.6308166,35.91417757,139.6292837
2017/10/4 16:25,35.75856379,139.760831,,
2017/10/4 16:46,34.6883587,135.80311,,
2017/10/4 17:03,37.17960115,138.2552183,,
2017/10/4 17:28,35.64708174,139.7111983,,
2017/10/4 17:35,33.5531473,130.3794336,,
2017/10/4 17:38,33.9930349,130.9515798,,
2017/10/4 17:45,35.66462662,139.8539463,,
2017/10/4 18:03,35.4959936,137.8433569,,
2017/10/4 19:06,35.3554168,136.8767846,,
2017/10/4 19:34,35.9505355,139.8036018,,
2017/10/4 19:49,35.2207223,136.8046942,,
2017/10/4 19:53,35.2206662,136.8057154,,
2017/10/4 20:14,34.9476656,137.0182482,,
2017/10/4 20:44,35.75603105,139.5510125,,
2017/10/4 21:44,33.2446269,131.6582411,,
2017/10/4 22:20,37.8822684,139.0375306,,
2017/10/4 22:22,37.8823795,139.0373532,,
2017/10/4 22:53,35.70368383,139.6262682,,
2017/10/4 22:56,37.85346786,139.1461167,,
2017/10/4 23:53,34.130556,133.6645253,,
2017/10/5 2:03,33.28971818,130.5302775,,
2017/10/5 2:50,34.9295874,137.1661547,,
2017/10/5 3:11,34.9296003,137.1661643,34.92980497,137.1660559
2017/10/5 5:13,34.27028386,132.5929951,,
2017/10/5 7:02,38.8890333,141.5676576,,
2017/10/5 7:05,35.76064155,139.5474125,35.76064155,139.5474125
2017/10/5 7:25,34.9919048,136.9891477,,
2017/10/5 7:49,35.7317102,140.0949892,,
2017/10/5 7:57,34.7753179,135.6126976,,
2017/10/5 8:06,34.96972697,135.7340317,,
2017/10/5 8:33,35.88717435,140.1591758,,
2017/10/5 8:41,36.62917422,139.9867039,,
2017/10/5 9:01,35.08406303,137.1800331,,
2017/10/5 9:07,43.12920527,141.362372,,
2017/10/5 9:21,36.30721181,139.8219319,,
2017/10/5 9:23,34.58678109,135.6961032,,
2017/10/5 9:27,36.5902007,139.9174597,,
2017/10/5 9:29,36.02624,140.0878262,,
2017/10/5 9:38,35.56922326,139.7168555,,
2017/10/5 9:56,34.80331195,137.7938875,,
2017/10/5 9:58,36.46688622,139.0210561,,
2017/10/5 9:59,36.46690595,139.021095,,
2017/10/5 10:08,34.47206346,135.4931953,,
2017/10/5 10:39,35.64043232,139.7166587,,
2017/10/5 10:59,34.75827826,135.5002892,,
2017/10/5 11:21,35.2561364,136.8084388,,
2017/10/5 11:53,33.8650488,130.7162755,,
2017/10/5 12:04,34.73357596,135.5826561,,
2017/10/5 12:10,43.0894651,141.3415453,,
2017/10/5 12:30,32.77583845,130.7337514,,
2017/10/5 12:31,36.1691373,139.5306346,,
2017/10/5 12:43,35.4698534,139.5124304,,
2017/10/5 12:50,34.7514538,135.4289645,,
2017/10/5 12:58,34.5959716,133.8945809,,
2017/10/5 13:01,33.62633316,130.7992659,,
2017/10/5 13:05,43.3457401,142.3810679,,
2017/10/5 13:10,35.32464584,136.6950371,,
2017/10/5 13:16,33.62612704,130.7991196,33.62635372,130.7990545
2017/10/5 13:32,34.60885476,136.1342319,,
2017/10/5 13:40,36.5884377,136.632834,,
2017/10/5 13:47,35.65527638,139.3951558,,
2017/10/5 14:24,34.6917712,135.4953618,,
2017/10/5 15:21,35.75312922,140.0369501,,
2017/10/5 15:27,43.1318086,141.3811704,43.1318086,141.3811704
2017/10/5 15:52,35.36184222,139.2339753,,
2017/10/5 15:56,35.46322283,139.6153134,,
2017/10/5 16:06,34.34434159,135.6832564,,
2017/10/5 16:24,26.24639841,127.7128474,26.24626937,127.713045
2017/10/5 16:27,36.59242279,136.6610708,,
2017/10/5 16:30,35.10830688,138.8575828,35.10806113,138.8578617
2017/10/5 17:14,35.681382,139.766084,,
2017/10/5 17:28,36.0224362,140.1239334,,
2017/10/5 17:31,35.85945274,139.7835606,,
2017/10/5 17:32,33.9628705,131.2529591,,
2017/10/5 17:36,33.96017554,132.1462208,,
2017/10/5 18:01,34.28660493,134.0769995,,
2017/10/5 18:18,33.6496523,130.4543089,33.60963935,130.4009863
2017/10/5 18:33,36.33781901,139.0274654,,
2017/10/5 18:40,26.18684432,127.6723467,,
2017/10/5 19:20,34.32077133,134.1829392,,
2017/10/5 20:19,33.97406068,133.2876195,,
2017/10/5 20:47,35.14606254,138.6346035,,
2017/10/5 20:48,33.50199717,130.4849009,,
2017/10/5 21:28,38.3109843,140.3523947,38.31072455,140.3510567
2017/10/5 21:38,36.5866742,136.640445,,
2017/10/5 22:02,34.48669595,133.4010339,,
2017/10/5 22:19,39.65784722,141.163556,,
2017/10/5 22:37,33.86781647,130.7889795,,
2017/10/5 22:40,34.70014027,134.8887878,,
2017/10/5 22:51,35.35981534,136.6225681,,
2017/10/5 22:51,34.4171218,133.3211663,,
2017/10/5 23:06,34.82414624,135.3749782,,
2017/10/5 23:25,35.5354522,139.533436,,
2017/10/6 5:46,33.2824463,130.1571767,,
2017/10/6 5:51,35.89004673,139.4609738,,
2017/10/6 6:59,34.4336645,132.8460771,,
2017/10/6 7:35,34.8412928,137.3214865,,
2017/10/6 7:52,36.59917518,136.6405483,,
2017/10/6 8:22,33.64526225,130.4321089,,
2017/10/6 8:41,34.9598246,135.7306232,,
2017/10/6 8:46,35.6353639,140.1465991,,
2017/10/6 8:51,35.74106585,139.9565519,,
2017/10/6 9:08,34.82841565,135.2945411,,
2017/10/6 9:13,38.69552165,141.4798358,,
2017/10/6 9:17,35.08404033,137.1800264,,
2017/10/6 9:24,35.32093595,136.642916,,
2017/10/6 9:29,36.3920168,139.3660189,,
2017/10/6 9:32,35.0702787,138.4582697,,
2017/10/6 9:37,26.55149506,128.0809665,,
2017/10/6 9:45,35.77189597,139.6577003,,
2017/10/6 9:50,34.61087216,133.784952,,
2017/10/6 9:55,41.81897087,140.7410264,,
2017/10/6 10:02,34.98662825,138.378841,,
2017/10/6 10:09,33.8493107,132.7755387,,
2017/10/6 10:37,35.6482785,139.8903016,,
2017/10/6 11:38,34.97032858,135.8954077,,
2017/10/6 11:45,34.3578751,135.2658135,,
2017/10/6 11:53,34.64451662,133.8738478,,
2017/10/6 12:14,35.7017377,140.0360523,,
2017/10/6 12:33,43.0775859,141.2876781,,
2017/10/6 14:02,35.6521108,138.5677921,,
2017/10/6 14:26,26.27843233,127.7319122,26.2799138,127.7308393
2017/10/6 14:33,36.9851164,140.8824754,,
2017/10/6 14:47,37.7418417,140.4620057,,
2017/10/6 15:34,34.9901396,135.8966747,,
2017/10/6 16:11,38.3338169,140.2732755,38.3338169,140.2732755
2017/10/6 17:05,35.69395771,138.6607809,,
2017/10/6 17:16,33.8446259,130.9429396,,
2017/10/6 17:22,34.95945112,138.3627536,,
2017/10/6 17:24,34.27667017,134.0705454,,
2017/10/6 17:39,37.1287962,138.7599952,,
2017/10/6 18:06,37.10611856,140.2214298,,
2017/10/6 18:22,35.6961917,140.862021,35.71862575,140.6490635
2017/10/6 18:38,34.5678418,136.5347467,,
2017/10/6 18:48,34.5677401,136.5348726,,
2017/10/6 18:49,40.66301339,140.5085337,,
2017/10/6 18:51,36.3133185,139.0435696,,
2017/10/6 19:07,33.90806132,133.1913482,,
2017/10/6 19:15,33.90805848,133.1912659,,
2017/10/6 19:21,34.7900543,135.4422942,,
2017/10/6 19:23,34.01628254,130.9380156,,
2017/10/6 19:41,35.04250773,135.9893034,,
2017/10/6 19:43,35.96703011,139.7931758,,
2017/10/6 19:48,35.04005479,135.9878091,,
2017/10/6 20:12,35.1121861,140.1133514,,
2017/10/6 21:16,32.78681342,130.7052364,,
2017/10/6 21:17,43.0975464,141.3677033,,
2017/10/6 21:45,34.41354314,132.7442829,,
2017/10/6 22:34,34.49538371,135.4665939,,
2017/10/6 22:35,35.06537146,136.9278033,,
2017/10/6 22:49,35.06549751,136.9278241,,
2017/10/6 22:56,42.73292225,141.6466881,,
2017/10/6 23:36,34.57708577,135.8340555,,
2017/10/6 23:40,34.8241933,137.9056068,,
2017/10/7 0:04,36.31723118,139.2044944,36.31814504,139.2008632
2017/10/7 1:07,34.62325435,133.8709853,,
2017/10/7 2:46,35.38030929,136.9700208,,
2017/10/7 3:01,35.669609,139.7655474,,
2017/10/7 5:27,36.09900446,139.6745936,,
2017/10/7 5:47,35.68349269,140.0118051,35.6898366,140.0137363
2017/10/7 7:40,35.71325202,139.8586101,,
2017/10/7 7:58,35.2571492,139.1742578,,
2017/10/7 8:34,34.235358,135.178843,,
2017/10/7 8:39,37.6371774,140.4086793,,
2017/10/7 8:53,35.6933565,139.4481677,,
2017/10/7 8:55,37.7890666,139.1428772,,
2017/10/7 9:02,35.1689684,136.9993195,,
2017/10/7 9:08,36.53964784,139.9152817,,
2017/10/7 9:25,34.450235,132.7025497,34.44961569,132.699653
2017/10/7 9:40,35.50776085,139.6156463,,
2017/10/7 9:40,35.79908929,139.5879005,,
2017/10/7 9:53,33.54279555,130.371297,,
2017/10/7 9:53,37.25913363,140.4268523,,
2017/10/7 10:01,34.69738737,135.6096496,,
2017/10/7 10:05,35.8272407,139.9740969,,
2017/10/7 10:06,36.3382143,138.4904407,,
2017/10/7 10:14,32.7990066,130.7028266,32.79924108,130.7034703
2017/10/7 10:31,35.6353157,140.1466594,,
2017/10/7 10:35,35.70603114,139.9581863,,
2017/10/7 10:37,35.6608201,139.8694268,,
2017/10/7 10:45,36.4834257,139.8717264,,
2017/10/7 10:51,34.6359031,133.922952,,
2017/10/7 11:06,35.287181,135.1595721,,
2017/10/7 11:06,35.0753181,138.9257928,,
2017/10/7 11:07,35.83707502,139.3575308,,
2017/10/7 11:07,35.6976426,140.3018183,,
2017/10/7 11:15,33.0243359,130.4332583,,
2017/10/7 11:55,37.6708909,138.9041335,,
2017/10/7 12:02,37.21413007,136.8757514,,
2017/10/7 12:14,35.5425671,140.137744,,
2017/10/7 12:29,43.0634712,141.4367797,,
2017/10/7 12:37,34.72675317,135.3785566,,
2017/10/7 12:43,35.89125646,139.9244143,,
2017/10/7 13:03,43.0959855,141.5280927,,
2017/10/7 13:06,35.9730298,140.1465388,,
2017/10/7 13:11,35.72425842,139.7778168,,
2017/10/7 13:26,36.50962918,136.5642035,36.51061224,136.5661776
2017/10/7 13:31,39.2961407,140.5279124,,
2017/10/7 14:00,35.62906715,138.6483982,,
2017/10/7 14:18,35.7750968,139.786806,,
2017/10/7 14:28,35.8744149,140.0493626,35.8744149,140.0493626
2017/10/7 14:38,35.8740154,140.0492615,,
2017/10/7 14:40,35.37127141,138.9269537,,
2017/10/7 14:52,35.75087143,135.16733,,
2017/10/7 14:57,35.48996655,139.3688926,,
2017/10/7 14:59,35.67387764,139.7542336,,
2017/10/7 15:00,35.23533682,136.8358435,,
2017/10/7 15:03,39.0421615,141.1203209,,
2017/10/7 15:12,31.89213479,131.4019449,31.89153813,131.402358
2017/10/7 15:23,36.31346237,139.0439492,,
2017/10/7 15:24,36.31366986,139.0435845,,
2017/10/7 15:35,34.91496994,137.2059625,,
2017/10/7 15:35,34.91496994,137.2059625,,
2017/10/7 15:57,36.34225405,139.0083152,,
2017/10/7 15:58,33.5525492,130.4469351,33.55243634,130.4467024
2017/10/7 16:21,32.40418451,131.6252232,,
2017/10/7 16:30,36.49196901,139.9059003,,
2017/10/7 16:50,35.6472934,139.7305856,,
2017/10/7 16:51,35.1038992,136.9452716,,
2017/10/7 16:53,36.72178098,137.2500252,,
2017/10/7 17:03,34.60691879,135.5031459,34.60913266,135.505963
2017/10/7 17:08,33.63930028,130.4648158,,
2017/10/7 17:09,34.7471096,135.5754755,,
2017/10/7 17:09,34.7471096,135.5754755,,
2017/10/7 17:17,34.76200495,135.4468951,,
2017/10/7 17:19,34.02484534,131.8520312,,
2017/10/7 17:31,34.7242061,134.8530291,,
2017/10/7 17:52,34.99710244,136.5999818,,
2017/10/7 18:03,35.9218564,139.9538331,,
2017/10/7 18:09,35.9903289,140.130543,,
2017/10/7 18:18,35.65672689,139.5668474,35.65672689,139.5668474
2017/10/7 18:19,35.7936812,139.5373868,,
2017/10/7 18:42,34.79706469,135.448218,,
2017/10/7 18:50,35.7184864,139.4971038,,
2017/10/7 19:02,43.76682528,142.2817795,,
2017/10/7 19:24,37.75387287,139.0081,,
2017/10/7 19:26,35.89250842,140.3506758,,
2017/10/7 19:30,34.7998864,135.5809177,,
2017/10/7 19:35,34.2392396,135.1683396,,
2017/10/7 20:03,35.8072873,139.4065295,,
2017/10/7 20:29,33.7766065,130.9777735,,
2017/10/7 20:43,42.8416262,140.6235503,,
2017/10/7 21:13,33.53915008,130.4726815,,
2017/10/7 22:13,38.77509289,141.2345424,,
2017/10/7 22:16,35.71191888,139.7770508,,
2017/10/7 23:00,35.6858871,138.5120881,,
2017/10/7 23:15,35.84300472,139.3672736,,
2017/10/7 23:56,35.70288507,139.76804,,
2017/10/8 0:07,35.70289866,139.7681564,,
2017/10/8 0:51,31.618791,130.5255903,,
2017/10/8 3:58,34.64725245,135.7678177,,
2017/10/8 4:55,36.27123813,140.4844711,,
2017/10/8 5:04,34.86021989,136.5400264,,
2017/10/8 5:24,42.3461581,140.2811294,,
2017/10/8 5:38,34.97696409,137.1365309,,
2017/10/8 6:14,35.73053743,139.8468565,,
2017/10/8 8:16,26.2028385,127.7003097,,
2017/10/8 8:19,34.73716601,135.35452,,
2017/10/8 8:24,35.79552078,140.1845899,,
2017/10/8 8:36,37.6982634,139.0359149,,
2017/10/8 8:43,35.01677915,135.7721992,,
2017/10/8 8:43,34.86215726,136.8176693,,
2017/10/8 8:45,43.08083868,141.3593599,,
2017/10/8 8:53,33.3665609,130.62394,,
2017/10/8 9:12,34.9610503,138.3780123,,
2017/10/8 9:22,37.60479808,138.9007169,,
2017/10/8 9:32,34.90243634,135.3640276,,
2017/10/8 9:38,34.4506389,133.8014576,,
2017/10/8 9:39,34.74684473,135.4295675,,
2017/10/8 9:41,34.85153679,138.2992788,,
2017/10/8 10:12,34.47279871,134.8763121,,
2017/10/8 10:21,35.6059359,138.5391153,35.60561761,138.5385743
2017/10/8 10:27,34.9750388,137.1589079,34.97280054,137.1558618
2017/10/8 10:35,33.69655509,131.0086032,,
2017/10/8 10:38,35.76809155,139.6884124,,
2017/10/8 10:42,34.40121526,132.4173035,,
2017/10/8 10:44,34.05239792,134.5743157,,
2017/10/8 10:50,35.675759,140.1616112,,
2017/10/8 10:54,35.53657711,139.4349697,35.53657711,139.4351628
2017/10/8 11:04,35.75616924,140.2966263,,
2017/10/8 11:20,36.00358084,139.2728923,,
2017/10/8 11:20,32.86317294,131.0797073,,
2017/10/8 11:50,35.5882334,140.1224894,,
2017/10/8 12:07,35.06729914,137.553728,,
2017/10/8 12:27,36.0952451,140.2909823,,
2017/10/8 12:29,42.78709354,141.6804936,,
2017/10/8 12:37,42.78709354,141.6804936,,
2017/10/8 12:39,34.85771074,138.3238902,,
2017/10/8 12:48,35.69369391,139.9242582,35.6940137,139.9244265
2017/10/8 12:48,35.8597094,139.4488483,,
2017/10/8 13:05,34.1213702,131.0321459,,
2017/10/8 13:14,26.23565413,127.6845961,,
2017/10/8 13:20,34.4012518,132.488231,34.4011509,132.4883203
2017/10/8 13:21,35.75381502,139.6232639,,
2017/10/8 13:28,36.5651916,136.6258831,,
2017/10/8 13:41,35.98065097,140.0597492,,
2017/10/8 14:35,43.14439243,141.2451267,,
2017/10/8 14:57,36.58148114,139.9159643,36.58175683,139.916093
2017/10/8 15:07,35.6159265,139.6871193,,
2017/10/8 15:17,44.14260776,142.3981981,,
2017/10/8 15:23,32.7749674,129.862573,32.7749674,129.862573
2017/10/8 15:25,33.87543047,133.9244616,,
2017/10/8 15:27,34.1123664,133.6514711,,
2017/10/8 15:33,35.42169997,139.5956027,,
2017/10/8 15:42,35.5152691,137.8382535,,
2017/10/8 15:44,34.37979475,135.2676887,,
2017/10/8 15:54,35.1344724,139.6218439,,
2017/10/8 15:58,35.1389152,139.62433,35.13421241,139.6216263
2017/10/8 16:05,34.69186728,134.8792427,,
2017/10/8 16:06,35.1534869,138.636825,,
2017/10/8 16:07,36.39510952,136.4589053,,
2017/10/8 16:32,34.67889555,135.5143323,,
2017/10/8 16:50,36.8306944,138.7806139,,
2017/10/8 16:51,36.3175916,139.6182749,,
2017/10/8 16:55,36.22304506,138.3625817,,
2017/10/8 17:03,35.51350726,139.4654201,,
2017/10/8 17:05,35.9169106,138.1712614,,
2017/10/8 17:19,35.69612977,140.2924704,,
2017/10/8 17:39,39.83234506,141.9784511,,
2017/10/8 17:48,33.97197356,134.6364775,,
2017/10/8 17:59,34.03622238,133.8953937,,
2017/10/8 18:08,33.56145687,130.4688059,,
2017/10/8 18:09,33.56145687,130.4688059,,
2017/10/8 18:39,35.55045897,139.7862274,,
2017/10/8 18:50,31.57430256,130.4656588,,
2017/10/8 18:56,35.55045897,139.7862274,,
2017/10/8 19:04,35.73329211,139.7689366,35.72981187,139.7702289
2017/10/8 19:13,36.33012323,139.0147492,,
2017/10/8 19:36,35.670188,139.8250204,,
2017/10/8 20:08,35.46680332,139.5358092,,
2017/10/8 20:35,35.95639749,139.7278505,,
2017/10/8 20:38,35.95633672,139.7278253,,
2017/10/8 20:41,33.8789479,130.8823511,,
2017/10/8 21:38,36.35402598,139.0111228,,
2017/10/8 22:23,36.0547025,139.6268686,,
2017/10/8 22:25,34.84849482,137.2341749,,
2017/10/8 22:39,36.7077872,140.7082952,,
2017/10/8 22:46,35.9239252,140.1230949,,
2017/10/9 5:59,34.84118973,137.7534071,,
2017/10/9 6:42,35.6444075,140.074109,35.64298515,140.076983
2017/10/9 7:06,33.84096309,130.9008141,,
2017/10/9 7:15,35.28572199,136.9740466,,
2017/10/9 7:54,33.2515125,130.3034322,,
2017/10/9 8:01,36.35366898,139.2487287,,
2017/10/9 8:11,38.1387174,140.7694687,,
2017/10/9 8:29,34.5752347,135.5672167,,
2017/10/9 8:41,35.60609705,139.3555361,,
2017/10/9 8:43,35.6219494,139.7488075,,
2017/10/9 9:11,36.1535086,137.258977,,
2017/10/9 9:15,34.66993044,135.6445677,34.67001373,135.6445676
2017/10/9 9:15,35.33919647,139.4780418,,
2017/10/9 9:30,41.93281948,140.211494,,
2017/10/9 9:56,33.041957,129.9082528,,
2017/10/9 10:17,34.45626864,132.6130582,,
2017/10/9 10:58,34.6004856,135.772047,,
2017/10/9 11:03,35.89088205,139.9781985,,
2017/10/9 11:05,35.9311645,138.0278181,,
2017/10/9 11:36,35.6793233,136.074479,,
2017/10/9 11:43,43.1894865,141.0020735,,
2017/10/9 11:46,35.37335433,139.2163045,,
2017/10/9 11:51,35.1967112,137.0169888,,
2017/10/9 12:17,36.16254566,140.3387567,,
2017/10/9 12:19,35.67700725,139.5957451,,
2017/10/9 13:00,36.93566913,138.808534,,
2017/10/9 13:06,34.85945932,138.268254,,
2017/10/9 13:14,36.5130234,140.6309306,,
2017/10/9 13:18,31.9230941,131.424327,,
2017/10/9 13:24,37.3333103,137.0157013,37.33181268,137.011554
2017/10/9 13:24,34.62670282,133.8084864,,
2017/10/9 13:31,37.33319243,137.0153494,37.33181043,137.0112724
2017/10/9 13:39,34.43464251,132.4652265,34.43501416,132.4635099
2017/10/9 13:54,34.78506192,135.573901,,
2017/10/9 14:02,35.75522185,139.5723551,,
2017/10/9 14:26,35.71164164,139.6784826,,
2017/10/9 14:29,36.0211729,136.2161318,,
2017/10/9 14:45,34.3714591,135.3194684,,
2017/10/9 14:54,31.6695196,130.8182685,,
2017/10/9 15:04,35.97986099,140.6390573,,
2017/10/9 15:05,34.7980195,134.6683243,,
2017/10/9 15:11,35.4438311,133.0644803,,
2017/10/9 15:11,34.7977516,134.6683031,,
2017/10/9 15:11,31.7518233,131.0775421,,
2017/10/9 15:15,34.0624844,133.0031569,,
2017/10/9 15:18,35.94571087,136.1484349,,
2017/10/9 15:35,35.394457,136.8196934,,
2017/10/9 15:42,37.90686328,139.0933065,,
2017/10/9 15:56,36.6748257,138.1910229,,
2017/10/9 15:57,35.56085748,140.3678816,35.55336064,140.3645565
2017/10/9 16:23,34.5587682,135.7480014,,
2017/10/9 16:23,34.5601658,135.7478063,,
2017/10/9 16:28,44.1207445,144.1021735,,
2017/10/9 16:30,33.54028977,133.4255708,,
2017/10/9 16:44,34.5456056,135.5191281,,
2017/10/9 16:44,35.09753566,136.8868404,,
2017/10/9 16:56,34.04080393,131.9152601,,
2017/10/9 17:02,35.63378665,139.407358,,
2017/10/9 17:08,38.2275115,140.3071011,,
2017/10/9 17:34,34.6262834,135.6048347,,
2017/10/9 18:02,43.0499405,141.2972092,,
2017/10/9 18:07,35.65728241,139.7017708,,
2017/10/9 18:18,35.68684868,139.9799921,,
2017/10/9 18:35,39.3023853,140.5529384,,
2017/10/9 18:41,34.51064685,135.4166849,,
2017/10/9 18:49,35.424891,136.675184,,
2017/10/9 18:52,34.1548419,131.3387824,,
2017/10/9 19:07,32.44065121,130.5784364,,
2017/10/9 19:11,43.7566659,142.3803702,,
2017/10/9 19:14,44.1208177,142.5598268,,
2017/10/9 19:30,35.3620902,137.1090527,,
2017/10/9 19:35,43.06766303,141.4085558,,
2017/10/9 20:25,36.1021439,140.1056111,,
2017/10/9 20:53,43.5850169,141.9335047,,
2017/10/9 21:17,35.40742935,139.2963002,,
2017/10/9 21:53,36.20747359,137.9625127,,
2017/10/9 21:56,34.21898523,133.6850416,,
2017/10/9 22:10,35.20231269,138.6639976,,
2017/10/9 23:00,38.31302605,140.9102087,,
2017/10/10 2:27,34.82359051,135.3142998,,
2017/10/10 2:40,35.5076793,139.4832251,,
2017/10/10 2:58,43.07089989,141.3410803,43.06897413,141.3446872
2017/10/10 4:22,36.05958525,136.2231333,,
2017/10/10 7:18,36.57393719,136.6606496,,
2017/10/10 7:48,35.76778384,139.3065661,,
2017/10/10 7:54,35.4199227,139.6500415,,
2017/10/10 8:24,34.27566159,134.1318331,,
2017/10/10 8:31,34.74856417,137.9100961,,
2017/10/10 8:44,34.68620444,135.1684224,,
2017/10/10 8:56,42.898896,143.1338765,,
2017/10/10 9:16,35.4335099,139.4373668,,
2017/10/10 9:16,35.6170272,138.568075,,
2017/10/10 9:24,38.2540457,140.9525088,,
2017/10/10 9:28,36.0267797,138.1844808,,
2017/10/10 9:32,35.48008365,138.7868844,,
2017/10/10 9:47,36.57372644,139.7510433,,
2017/10/10 9:59,36.0749235,140.2005353,,
2017/10/10 10:04,36.3874726,139.2780538,,
2017/10/10 10:07,34.71274429,135.2299271,,
2017/10/10 10:10,36.56566003,139.8391164,,
2017/10/10 10:29,36.81354541,137.4116634,,
2017/10/10 10:45,36.39594814,138.2210408,,
2017/10/10 11:06,35.24051076,136.9858033,,
2017/10/10 11:47,35.00565965,138.4264688,,
2017/10/10 11:55,34.7605397,135.489558,,
2017/10/10 12:03,36.4573201,140.4893165,,
2017/10/10 12:05,36.5672498,139.9840303,,
2017/10/10 12:21,33.84715243,130.7271142,,
2017/10/10 12:24,33.84075005,132.7944864,,
2017/10/10 12:24,32.1058426,131.4476634,,
2017/10/10 12:44,35.4011603,136.8254919,,
2017/10/10 13:08,34.82481096,134.5219303,,
2017/10/10 13:48,35.74280963,139.4659889,,
2017/10/10 14:05,35.33201235,136.8670437,35.33211738,136.8667004
2017/10/10 14:21,35.0012597,137.059813,,
2017/10/10 14:29,42.67934617,141.7139511,,
2017/10/10 14:33,33.9452728,131.0061533,33.94609829,131.0090204
2017/10/10 14:52,34.95488565,137.0800582,34.95470785,137.0801935
2017/10/10 15:13,39.3792104,140.0559731,,
2017/10/10 15:36,35.49019536,138.7451208,,
2017/10/10 15:47,34.6033619,133.7636032,,
2017/10/10 15:48,35.22346404,136.8855868,,
2017/10/10 16:01,33.37349644,131.53549,,
2017/10/10 16:16,35.70498221,139.7643561,,
2017/10/10 16:27,35.79324266,139.6853435,,
2017/10/10 16:38,36.5568093,139.9144618,,
2017/10/10 16:43,34.83102269,138.2946947,,
2017/10/10 16:52,34.6593114,135.5572339,,
2017/10/10 16:54,34.6593114,135.5572339,,
2017/10/10 17:03,34.76372761,135.5342616,,
2017/10/10 17:07,34.4793395,133.3814175,,
2017/10/10 17:09,34.92839433,134.756424,,
2017/10/10 17:37,36.5737444,136.6565312,,
2017/10/10 17:37,35.8427273,139.7072603,,
2017/10/10 17:38,36.5737444,136.6565312,,
2017/10/10 18:03,36.3336904,138.5263819,,
2017/10/10 18:17,34.6897195,135.5450185,,
2017/10/10 18:33,36.15875438,139.3638773,,
2017/10/10 18:44,33.8490007,130.7468093,,
2017/10/10 19:04,32.7687161,130.6970307,,
2017/10/10 19:30,35.85462586,139.3819534,,
2017/10/10 19:30,38.57424477,140.946005,,
2017/10/10 19:35,36.31643622,139.444419,,
2017/10/10 19:44,36.91861031,140.041394,,
2017/10/10 19:53,34.44967424,135.7434298,,
2017/10/10 19:56,35.91406244,137.9654938,,
2017/10/10 20:15,31.52667483,130.5324143,,
2017/10/10 20:24,43.0566303,141.3396557,,
2017/10/10 20:47,34.26443903,135.1875489,34.26443903,135.1875489
2017/10/10 20:52,34.47070578,133.3939379,,
2017/10/10 21:11,35.41879915,139.4367557,,
2017/10/10 22:17,35.40736349,139.5954595,,
2017/10/10 22:26,35.63508595,139.8775481,,
2017/10/11 0:52,34.9702,136.5785295,,
2017/10/11 0:57,33.93614228,133.7554052,,
2017/10/11 3:28,35.64105425,139.3856187,,
2017/10/11 6:21,39.1850719,141.175433,,
2017/10/11 6:50,35.6869591,139.6566979,,
2017/10/11 7:45,34.87617033,138.2664413,,
2017/10/11 7:50,34.72167431,135.1552694,,
2017/10/11 7:55,34.7216725,135.1552698,,
2017/10/11 7:55,34.97502608,135.6588971,,
2017/10/11 8:03,34.72167384,135.1553065,,
2017/10/11 8:09,33.72410872,130.4588672,,
2017/10/11 8:23,34.8556669,138.3030191,,
2017/10/11 8:35,34.86672633,137.0634851,,
2017/10/11 8:51,34.77884113,137.6713859,,
2017/10/11 8:54,36.23693863,137.9513658,,
2017/10/11 8:57,37.44908191,138.8480939,,
2017/10/11 9:14,37.85781874,138.9848241,,
2017/10/11 9:38,43.11968324,141.3418906,,
2017/10/11 9:40,35.1254413,136.8793467,,
2017/10/11 9:49,35.144949,138.7036925,,
2017/10/11 10:06,33.7179204,130.9766135,,
2017/10/11 10:09,35.75246467,139.3892151,,
2017/10/11 10:10,35.00190651,136.9941729,35.00786738,137.0041495
2017/10/11 10:15,37.06159342,140.8983264,,
2017/10/11 10:40,34.86280657,138.2826312,,
2017/10/11 10:55,38.2644548,140.8724232,,
2017/10/11 11:13,35.6357431,136.0488939,,
2017/10/11 11:47,35.28264052,139.193884,,
2017/10/11 11:51,35.6360739,136.0487219,,
2017/10/11 11:56,33.88196253,130.8657541,33.88196253,130.8657541
2017/10/11 13:04,34.65662812,135.1422744,,
2017/10/11 13:25,36.6057231,138.1656467,,
2017/10/11 13:36,43.14336078,141.1620313,,
2017/10/11 14:27,35.5556796,139.4187946,,
2017/10/11 14:34,34.47062073,136.7080637,,
2017/10/11 14:49,34.31961499,135.6237325,,
2017/10/11 15:04,32.7453704,129.8583137,,
2017/10/11 15:09,33.48310214,130.5212591,,
2017/10/11 15:24,35.42487545,139.3947282,,
2017/10/11 15:28,33.59162992,131.1889677,,
2017/10/11 15:46,36.5656686,136.6088628,,
2017/10/11 16:01,39.405272,141.1038044,,
2017/10/11 16:02,37.6613653,140.9873588,,
2017/10/11 16:07,34.9764853,137.0880846,,
2017/10/11 16:36,35.72879187,139.3831685,,
2017/10/11 16:58,35.8330744,139.6611624,,
2017/10/11 17:00,33.77965561,130.7440065,,
2017/10/11 17:16,35.9111413,139.5047682,,
2017/10/11 17:20,33.638485,130.6806258,,
2017/10/11 17:21,33.638485,130.6806258,,
2017/10/11 17:26,35.9408686,136.177165,,
2017/10/11 17:30,32.79217589,130.7151556,,
2017/10/11 17:43,34.68619598,134.9352274,34.69757456,134.915016
2017/10/11 19:05,33.2374119,131.6062692,33.23816123,131.6084603
2017/10/11 19:23,32.75524037,130.7330658,,
2017/10/11 20:07,36.42582169,140.5205936,,
2017/10/11 20:26,35.69839606,139.7867077,,
2017/10/11 21:10,36.2622949,139.5997945,,
2017/10/11 21:40,35.547015,139.7880544,,
2017/10/11 21:40,35.547015,139.7880544,,
2017/10/11 21:41,35.547015,139.7880544,,
2017/10/11 21:42,35.547015,139.7880544,,
2017/10/11 21:52,35.547015,139.7880544,,
2017/10/11 22:10,36.55861893,140.6202002,,
2017/10/11 22:13,33.38217015,130.5716867,,
2017/10/11 22:37,33.60817894,130.4720285,,
2017/10/11 22:49,33.6320403,130.4572299,,
2017/10/11 22:59,40.50686949,141.5175458,,
2017/10/11 23:01,34.67791976,136.5081972,,
2017/10/12 0:29,35.04672459,136.6124234,,
2017/10/12 0:44,33.53505988,130.4177927,,
2017/10/12 7:17,34.4303793,132.847795,34.43319752,132.8462391
2017/10/12 8:11,36.23256947,139.574144,,
2017/10/12 8:15,34.25162131,132.5664551,,
2017/10/12 8:17,33.52912876,130.3136992,,
2017/10/12 8:32,34.6813034,135.5094723,,
2017/10/12 8:43,38.2141373,140.3400417,,
2017/10/12 8:56,34.57918564,135.4846414,,
2017/10/12 9:02,35.7558887,140.7226051,,
2017/10/12 9:12,36.29404705,139.0148306,,
2017/10/12 9:12,34.729796,135.5072136,,
2017/10/12 9:18,37.4727241,140.4623163,,
2017/10/12 9:27,36.44116294,136.4459995,,
2017/10/12 9:28,26.31870165,127.7776104,,
2017/10/12 9:28,34.7298532,135.5075267,,
2017/10/12 9:30,36.4573077,140.481124,36.45751469,140.4814422
2017/10/12 9:41,33.8085366,132.8288591,,
2017/10/12 10:03,35.656056,139.6051194,,
2017/10/12 10:34,35.65223836,139.7158945,,
2017/10/12 10:43,34.99991724,135.8584471,,
2017/10/12 10:51,33.85670926,130.714371,,
2017/10/12 11:01,33.2416469,131.7861312,,
2017/10/12 11:02,35.17526289,136.9033066,,
2017/10/12 11:25,37.86522729,139.0958696,,
2017/10/12 11:36,33.848851,130.6785947,,
2017/10/12 12:32,35.68086981,139.6857155,,
2017/10/12 12:36,35.44430707,133.3311906,,
2017/10/12 12:42,35.9456955,139.7776786,35.9456955,139.7776786
2017/10/12 12:45,35.93526858,139.6091355,,
2017/10/12 13:12,34.2604223,134.0471041,,
2017/10/12 13:18,34.70625058,135.3938152,,
2017/10/12 13:19,33.56412497,130.4257966,,
2017/10/12 14:15,33.17316946,129.7241703,,
2017/10/12 14:24,36.930938,137.4978617,,
2017/10/12 14:41,35.77810136,140.3156077,,
2017/10/12 15:14,37.5357369,138.8169275,,
2017/10/12 15:43,35.0886884,138.9523469,,
2017/10/12 16:02,35.59839464,139.7100073,35.59759363,139.7081672
2017/10/12 16:07,35.55340948,140.3644323,,
2017/10/12 16:36,35.96117314,139.8772108,,
2017/10/12 16:40,35.52631601,140.1380139,35.52633347,140.1380353
2017/10/12 16:47,31.9458804,131.3660141,,
2017/10/12 16:49,35.33213302,139.9164735,,
2017/10/12 16:50,35.85920492,139.5228519,,
2017/10/12 16:51,35.86294842,139.4152155,,
2017/10/12 17:23,34.98472692,137.2375858,,
2017/10/12 18:21,35.6906178,139.5748301,,
2017/10/12 18:23,35.3613521,139.3512166,,
2017/10/12 18:34,33.24000089,131.7699462,33.24434391,131.7648822
2017/10/12 18:39,35.42732982,137.0534297,,
2017/10/12 18:43,35.5890825,140.1404708,,
2017/10/12 18:48,42.9989141,141.4406808,,
2017/10/12 18:52,34.83141653,134.6387315,,
2017/10/12 18:55,32.73570234,129.8696327,,
2017/10/12 18:56,43.02956345,141.3957655,,
2017/10/12 18:58,35.4842143,139.4231616,,
2017/10/12 19:12,32.83530503,129.9888324,,
2017/10/12 19:23,35.0194272,134.1589642,,
2017/10/12 19:28,35.51286888,137.8017802,,
2017/10/12 19:56,36.31257384,139.1809663,,
2017/10/12 20:22,35.66590944,139.7565347,,
2017/10/12 20:33,34.67050576,135.1693733,,
2017/10/12 21:36,35.60317688,139.3325933,35.6034271,139.33238
2017/10/12 22:23,35.5108474,139.6795424,,
2017/10/12 22:26,35.06180163,137.1280381,,
2017/10/12 23:15,35.90499156,140.6424192,,
2017/10/13 2:06,33.19782168,131.6031042,,
2017/10/13 5:18,35.7002106,140.0050015,35.7002702,140.0044452
2017/10/13 7:40,35.3419777,139.6206943,,
2017/10/13 7:47,34.4337093,132.8381496,34.4337093,132.8381496
2017/10/13 7:48,34.6700452,135.8095957,,
2017/10/13 7:55,36.28744376,139.8130679,,
2017/10/13 7:56,35.36070587,137.1964432,,
2017/10/13 8:24,33.46042253,130.6090249,33.46042253,130.6090249
2017/10/13 8:46,26.30679124,127.7910258,,
2017/10/13 9:11,32.79134968,129.8770555,,
2017/10/13 9:32,35.87393784,140.0066212,,
2017/10/13 9:36,34.78335071,134.258698,,
2017/10/13 9:38,35.68574857,140.1099317,,
2017/10/13 9:49,35.8739463,140.0065451,,
2017/10/13 9:54,35.78450674,139.9137136,,
2017/10/13 10:34,34.45487804,133.7858086,,
2017/10/13 10:48,34.3518694,132.3051814,,
2017/10/13 10:56,33.5856049,130.3730914,,
2017/10/13 11:06,36.28786464,138.2337444,,
2017/10/13 11:17,33.22294321,131.6538149,,
2017/10/13 12:10,35.9752478,139.5875904,,
2017/10/13 12:11,35.9752723,139.5875406,,
2017/10/13 12:14,34.7442326,136.4815682,,
2017/10/13 12:27,35.6077923,138.6118591,,
2017/10/13 13:22,36.6674365,137.180235,,
2017/10/13 15:15,36.52594448,140.2331723,36.52509963,140.2318734
2017/10/13 15:22,36.52513405,140.2319706,,
2017/10/13 15:33,26.18626106,127.6881094,26.18604925,127.6894612
2017/10/13 16:00,35.54955722,140.2181881,,
2017/10/13 16:01,35.54956798,140.218192,,
2017/10/13 16:15,36.0759805,136.2777401,,
2017/10/13 16:15,35.56081499,139.442677,,
2017/10/13 16:29,35.64957169,139.6085868,,
2017/10/13 16:30,35.54092141,139.4565929,,
2017/10/13 16:47,34.85970509,136.8184391,,
2017/10/13 18:13,32.91488826,129.9686816,,
2017/10/13 18:15,33.23994538,131.7698209,33.24436018,131.7640059
2017/10/13 18:41,36.6725734,138.2661339,,
2017/10/13 18:49,38.4061869,140.8446663,,
2017/10/13 18:53,35.37447073,139.6265086,,
2017/10/13 19:06,43.02552109,141.3625846,,
2017/10/13 19:06,35.77236135,139.6692398,,
2017/10/13 19:11,35.77236781,139.6693389,,
2017/10/13 19:43,35.19809385,136.9078014,,
2017/10/13 19:58,35.7505562,139.660993,,
2017/10/13 20:12,33.8872276,130.8413829,,
2017/10/13 20:31,33.9488857,133.2935319,,
2017/10/13 20:55,35.53822586,133.199591,,
2017/10/13 21:06,36.3016943,139.0995841,,
2017/10/13 21:11,33.8418759,131.0178165,,
2017/10/13 21:16,33.8303198,131.0263259,,
2017/10/13 21:23,36.5853336,136.676139,,
2017/10/13 22:08,36.5742524,139.9829024,,
2017/10/13 22:13,34.4169652,133.808332,,
2017/10/13 22:35,34.9089282,138.2881583,,
2017/10/13 22:41,35.9921934,139.3845146,,
2017/10/13 22:46,36.5838696,136.663374,,
2017/10/13 23:09,33.9335779,130.9446261,,
2017/10/13 23:13,33.9336692,130.9445571,,
2017/10/13 23:42,39.4072474,141.1249452,,
2017/10/13 23:48,35.9480968,139.6240213,,
2017/10/14 0:02,32.01678408,130.2659909,,
2017/10/14 0:22,34.59532223,133.7607499,,
2017/10/14 0:49,33.5630472,133.599944,,
2017/10/14 0:54,33.5630143,133.6000191,,
2017/10/14 3:23,35.74647846,139.5685685,,
2017/10/14 3:26,34.7603454,135.5703604,,
2017/10/14 5:40,35.58687167,139.5901637,35.58693239,139.5898973
2017/10/14 6:00,34.6737882,134.9244141,,
2017/10/14 6:36,34.66158381,135.1433971,,
2017/10/14 6:50,34.69510728,137.7510819,,
2017/10/14 6:52,34.69501916,137.750964,,
2017/10/14 7:19,37.88325781,138.9549856,,
2017/10/14 7:20,34.5792652,133.9569394,,
2017/10/14 7:45,34.44415894,135.7975626,,
2017/10/14 8:06,36.253998,139.1204209,,
2017/10/14 8:11,35.46008812,139.46464,,
2017/10/14 8:12,34.58959923,135.6570679,,
2017/10/14 8:18,35.459997,139.4647246,35.45994457,139.4644886
2017/10/14 8:19,37.41119428,138.5833691,,
2017/10/14 9:13,34.7227519,135.4096385,,
2017/10/14 9:46,35.39639086,139.2848412,,
2017/10/14 9:58,32.79182868,130.7447159,,
2017/10/14 10:12,43.05616879,141.4403675,43.05634125,141.4403246
2017/10/14 10:30,35.69445304,139.7689332,,
2017/10/14 10:36,34.49556199,136.7150478,,
2017/10/14 10:46,35.059127,138.956275,,
2017/10/14 11:11,35.7008465,139.4621422,35.7007071,139.4622495
2017/10/14 11:15,35.72461189,139.4558882,,
2017/10/14 11:29,35.68257026,139.3279417,,
2017/10/14 11:43,33.5721678,130.4088362,,
2017/10/14 11:44,35.65558972,140.1560927,,
2017/10/14 12:01,35.5045673,139.5608715,,
2017/10/14 12:08,37.70943638,140.473989,37.70958838,140.4740913
2017/10/14 12:26,36.3867436,139.3317803,,
2017/10/14 12:34,35.65827265,139.8991508,,
2017/10/14 12:37,35.7399442,140.0265759,35.73995549,140.0265099
2017/10/14 12:46,34.64440808,133.9018062,,
2017/10/14 12:56,35.41093458,136.7659763,,
2017/10/14 13:07,32.98252162,130.8227226,,
2017/10/14 13:18,36.05913173,140.120258,,
2017/10/14 13:19,35.74739176,139.8556848,,
2017/10/14 13:31,35.8594594,139.6190595,,
2017/10/14 13:52,35.68440506,139.5579291,,
2017/10/14 14:01,35.70535828,139.9527357,,
2017/10/14 14:09,35.36015218,137.231565,,
2017/10/14 14:14,34.85961092,136.817683,,
2017/10/14 14:22,42.93729463,141.345766,,
2017/10/14 14:23,36.3588184,140.4193504,,
2017/10/14 14:32,38.2539928,140.6809412,,
2017/10/14 14:39,36.55615451,139.9132358,,
2017/10/14 14:40,36.5529432,139.9205769,,
2017/10/14 14:42,34.84150219,134.6949508,,
2017/10/14 14:55,35.48738542,137.4877111,,
2017/10/14 15:04,35.82881529,139.9429162,,
2017/10/14 15:05,36.00172402,139.5555048,,
2017/10/14 15:12,35.13675354,137.3190071,,
2017/10/14 15:12,36.0011877,139.6673607,,
2017/10/14 15:22,39.2228758,140.521102,,
2017/10/14 15:24,26.23183362,127.710404,,
2017/10/14 15:49,33.47457289,130.2810545,,
2017/10/14 16:00,35.63016333,140.1168229,,
2017/10/14 16:01,34.20733068,134.0738424,,
2017/10/14 16:04,33.8926766,130.9181297,33.89181143,130.9180728
2017/10/14 16:34,35.6473355,139.3506715,,
2017/10/14 16:50,42.9111491,143.1883299,,
2017/10/14 17:02,31.6314211,130.3969121,,
2017/10/14 17:09,34.8084636,136.4687794,,
2017/10/14 17:28,34.67878657,137.7861697,34.67801015,137.7868134
2017/10/14 17:32,34.80025204,137.7736428,,
2017/10/14 17:41,31.9294199,131.4267618,,
2017/10/14 17:53,35.46149591,137.4490542,,
2017/10/14 18:07,35.7635448,139.716868,,
2017/10/14 18:10,34.47465742,133.0964506,,
2017/10/14 18:11,34.5358428,133.6128014,,
2017/10/14 18:19,33.6746637,130.7784996,,
2017/10/14 18:27,34.72465927,137.4567931,,
2017/10/14 18:40,35.5833018,139.4772707,35.5829824,139.4783024
2017/10/14 18:48,36.02404087,136.9571854,,
2017/10/14 19:07,35.92818108,139.9060146,,
2017/10/14 19:24,32.62591307,130.6011818,,
2017/10/14 19:39,27.72618165,128.9245648,,
2017/10/14 20:19,35.0947702,135.4990847,,
2017/10/14 20:49,34.58045808,135.6307112,34.5803673,135.6306127
2017/10/14 21:07,33.53889803,130.4530787,33.53890415,130.4529041
2017/10/14 21:13,34.96119808,138.3795095,,
2017/10/14 21:14,33.5379104,130.1950048,,
2017/10/14 21:48,31.56128671,130.5481827,,
2017/10/14 21:58,35.75608673,139.5951691,35.75521607,139.5949116
2017/10/14 22:04,36.1922774,139.8797605,,
2017/10/15 1:19,35.7115311,139.9800028,,
2017/10/15 2:15,34.74880211,137.8396722,,
2017/10/15 5:07,35.45429196,139.4244845,,
2017/10/15 5:25,26.3213562,127.7956606,,
2017/10/15 6:54,34.7652612,136.1423801,,
2017/10/15 8:13,36.8856558,136.9962398,36.88402974,136.9960671
2017/10/15 9:03,35.73962855,139.914682,,
2017/10/15 9:29,34.52446485,135.4442067,,
2017/10/15 9:48,33.24624885,131.6962709,33.24627465,131.6962528
2017/10/15 9:58,34.7378403,135.4367596,,
2017/10/15 10:08,35.35657158,139.5430239,,
2017/10/15 10:08,34.97575732,135.7273395,34.97568699,135.7280046
2017/10/15 10:12,36.34609362,137.8837007,,
2017/10/15 10:16,34.6967958,135.5110254,34.69709767,135.5112104
2017/10/15 10:29,34.59042802,133.7720111,,
2017/10/15 10:39,35.1746941,139.6343802,,
2017/10/15 10:59,35.3438323,139.5096578,,
2017/10/15 11:17,35.8991316,139.9297519,,
2017/10/15 11:27,35.69574894,139.7712544,,
2017/10/15 12:43,34.7820214,134.859475,,
2017/10/15 12:46,39.7548126,141.1954698,,
2017/10/15 12:58,35.85965434,139.5488115,,
2017/10/15 13:07,35.475952,137.4731471,,
2017/10/15 13:19,32.16059546,130.5057989,,
2017/10/15 13:19,35.03514961,136.9555098,,
2017/10/15 13:20,30.8334227,129.9065965,31.57028955,130.5373277
2017/10/15 13:46,43.05022374,141.3848554,,
2017/10/15 14:11,34.50059738,135.487336,,
2017/10/15 14:17,34.77617671,135.5308624,,
2017/10/15 14:31,34.40934932,135.3669526,,
2017/10/15 14:41,37.86247927,138.9433368,,
2017/10/15 14:52,33.5390657,130.4358652,33.53924455,130.4362085
2017/10/15 14:54,35.11720064,136.9315115,,
2017/10/15 14:56,35.11718086,136.9315138,,
2017/10/15 14:56,33.85156397,130.8938785,33.85159961,130.8933849
2017/10/15 14:57,35.25059747,136.886291,,
2017/10/15 14:57,36.67126989,138.1983253,,
2017/10/15 15:00,32.80978726,130.7525348,,
2017/10/15 15:01,34.25515838,135.2524551,,
2017/10/15 15:07,31.79578392,130.7172816,,
2017/10/15 15:08,33.85155754,130.8934618,,
2017/10/15 15:13,32.80977182,130.7522979,32.80977182,130.7522979
2017/10/15 15:46,34.7717141,135.3462855,,
2017/10/15 15:47,34.6308125,133.9083489,,
2017/10/15 15:47,35.7240134,140.5797484,,
2017/10/15 15:52,35.05576135,136.1004953,,
2017/10/15 16:00,35.05490893,136.098466,,
2017/10/15 16:15,34.6797588,135.5209247,,
2017/10/15 16:36,35.82280309,139.7141694,,
2017/10/15 16:42,35.94300086,139.7114599,,
2017/10/15 16:44,33.29965174,131.4909872,,
2017/10/15 17:20,34.49009177,135.804712,,
2017/10/15 17:35,34.1625299,134.5418062,,
2017/10/15 17:35,27.7272344,129.0161475,,
2017/10/15 17:44,35.61512142,139.625387,,
2017/10/15 17:54,35.61513616,139.6253966,,
2017/10/15 17:59,35.60665843,139.6123471,,
2017/10/15 18:26,35.59121484,139.3453062,,
2017/10/15 18:34,34.9803876,135.9158475,,
2017/10/15 19:01,34.94852082,132.1853367,,
2017/10/15 19:24,35.96923507,139.5666597,,
2017/10/15 19:32,33.96857237,131.3041725,,
2017/10/15 19:40,34.8312382,138.3191152,,
2017/10/15 19:47,34.70803881,135.5840862,34.70782161,135.5841062
2017/10/15 19:49,35.1695983,136.9174016,,
2017/10/15 20:07,34.8312739,138.3191152,,
2017/10/15 20:12,35.3177383,136.7951251,35.3177383,136.7951251
2017/10/15 20:15,34.8309897,138.3188621,,
2017/10/15 20:41,33.46933074,131.7295396,,
2017/10/15 21:26,36.64253304,137.189058,,
2017/10/15 21:29,36.5551521,139.9294816,,
2017/10/15 21:51,33.62480704,130.4184231,,
2017/10/15 21:53,35.6913959,139.3962896,,
2017/10/15 22:15,36.21540526,138.3716207,,
2017/10/15 22:23,36.5565602,139.9305728,,
2017/10/15 22:27,35.1937899,136.9618492,,
2017/10/16 1:02,43.49599073,141.9293644,,
2017/10/16 1:31,33.64090584,130.6664078,,
2017/10/16 4:39,35.33338817,136.8580865,35.33337945,136.8584083
2017/10/16 4:41,36.12844931,139.2395238,,
2017/10/16 5:42,34.98200824,136.6072199,,
2017/10/16 5:46,33.6530525,130.8087946,,
2017/10/16 6:42,35.01353249,137.0146465,,
2017/10/16 6:53,35.53244298,139.6533718,,
2017/10/16 6:55,35.0134886,137.0153271,,
2017/10/16 7:19,34.8145937,137.7399391,,
2017/10/16 7:49,34.85734704,138.2649676,,
2017/10/16 7:49,35.0432387,137.0907091,,
2017/10/16 7:57,34.28261,134.0287721,,
2017/10/16 8:00,35.35256262,132.9029512,,
2017/10/16 8:02,39.5574397,141.9260529,39.58419301,141.9063802
2017/10/16 8:15,37.1154105,138.9160884,,
2017/10/16 8:18,35.7124025,139.6398592,35.71254124,139.6397545
2017/10/16 8:54,34.58512123,133.7223945,,
2017/10/16 9:00,36.1991861,139.2981556,,
2017/10/16 9:11,35.19452271,136.9358852,,
2017/10/16 9:41,36.3469425,140.5898849,,
2017/10/16 9:46,35.5456424,139.336853,,
2017/10/16 9:58,35.6813117,139.5679954,,
2017/10/16 10:05,43.20162081,141.760362,,
2017/10/16 10:09,36.27436327,139.8937879,,
2017/10/16 10:16,36.58192816,140.0065537,,
2017/10/16 10:25,35.71799539,139.7906182,,
2017/10/16 10:34,34.71575888,137.7026453,,
2017/10/16 10:45,35.73540417,139.5168119,,
2017/10/16 11:25,33.6466101,130.6735554,,
2017/10/16 11:29,36.06609966,136.5049835,,
2017/10/16 11:54,36.0478656,140.2073536,,
2017/10/16 12:07,34.4596518,133.4006075,,
2017/10/16 12:26,34.26758646,135.3307282,,
2017/10/16 12:45,34.97840569,135.8161073,,
2017/10/16 13:08,34.92631349,137.1655283,,
2017/10/16 13:15,33.86607623,130.7842107,,
2017/10/16 13:46,37.4309579,138.8455929,,
2017/10/16 13:46,35.7823506,139.9421468,,
2017/10/16 13:52,33.57144474,133.5500445,,
2017/10/16 14:00,36.54643974,139.8831269,36.54643974,139.8831269
2017/10/16 14:08,35.55035361,139.4330018,,
2017/10/16 14:08,34.51554009,135.7360807,,
2017/10/16 14:35,34.36322931,132.4679476,,
2017/10/16 14:37,35.30575791,136.6101517,,
2017/10/16 14:41,35.60751178,139.6127889,35.60751178,139.6127889
2017/10/16 15:24,35.40237359,136.7907242,,
2017/10/16 15:29,31.7551705,131.1047909,,
2017/10/16 15:54,35.29528562,135.1697909,,
2017/10/16 16:10,36.555949,139.9045691,,
2017/10/16 16:29,35.16164954,135.9001398,,
2017/10/16 16:40,36.631286,138.2258259,,
2017/10/16 16:45,34.9976189,137.1523962,,
2017/10/16 16:52,35.46910986,136.2238622,,
2017/10/16 16:53,35.3107925,136.6697795,,
2017/10/16 16:54,36.631286,138.2258259,36.63221688,138.2256628
2017/10/16 17:01,35.10049345,139.0557392,,
2017/10/16 17:15,35.46918002,139.5164872,,
2017/10/16 17:46,35.86992428,139.4271524,,
2017/10/16 18:00,37.78537793,140.4670723,,
2017/10/16 18:22,33.21389263,130.3025162,,
2017/10/16 18:29,36.13190384,140.0685034,,
2017/10/16 18:49,34.8445247,137.3808773,,
2017/10/16 18:57,35.66408801,138.5417195,,
2017/10/16 18:58,33.72670492,135.4248175,,
2017/10/16 19:10,31.65456448,130.3486934,,
2017/10/16 19:39,33.96789776,131.9558265,,
2017/10/16 20:17,35.78869298,139.4694379,,
2017/10/16 20:17,36.6091136,139.861516,,
2017/10/16 20:20,34.94877082,136.6052619,,
2017/10/16 20:23,34.46279239,132.4189543,,
2017/10/16 20:35,33.73602572,130.9650656,,
2017/10/16 20:58,33.73416676,130.9655239,,
2017/10/16 21:19,35.0011112,135.6882469,35.0011112,135.6882469
2017/10/16 21:29,34.78757031,136.5429973,,
2017/10/16 21:35,35.70463259,139.7444758,,
2017/10/16 21:41,35.87668109,139.6208357,,
2017/10/16 21:46,36.2702051,137.9316087,,
2017/10/16 22:48,33.51736581,130.4542322,,
2017/10/16 23:12,38.98414534,141.1498741,,
2017/10/16 23:40,34.72304485,135.5722666,,
2017/10/17 4:28,35.6094858,139.6927428,,
2017/10/17 6:33,37.15147638,140.2417531,,
2017/10/17 7:13,35.09665565,135.9377388,,
2017/10/17 7:19,34.6773941,134.9789855,,
2017/10/17 7:32,35.4382687,137.0527048,,
2017/10/17 7:51,36.34055018,138.7393221,,
2017/10/17 7:51,33.20920172,129.7649866,,
2017/10/17 7:52,35.71926508,139.4968826,,
2017/10/17 8:02,36.5866134,140.0105848,,
2017/10/17 8:05,34.0803971,131.7659309,,
2017/10/17 8:06,35.97942209,139.7522646,,
2017/10/17 8:23,36.32471655,139.0265126,,
2017/10/17 8:59,35.35215718,137.1771303,,
2017/10/17 9:03,35.067004,136.769559,,
2017/10/17 9:33,34.57550131,135.5281575,,
2017/10/17 9:47,35.26036715,139.1778498,,
2017/10/17 9:58,33.6146712,130.8005733,,
2017/10/17 10:07,34.84888661,134.7558126,,
2017/10/17 10:11,26.2240537,127.7181991,,
2017/10/17 10:24,36.3182774,138.4738844,,
2017/10/17 10:32,34.7920884,135.4579454,34.7920884,135.4579454
2017/10/17 10:49,34.36157697,132.2117386,,
2017/10/17 10:53,35.2121572,136.9509233,35.2121572,136.9509233
2017/10/17 10:58,36.3930485,139.0425643,,
2017/10/17 11:03,35.45277682,139.5307743,,
2017/10/17 11:04,36.48419225,139.8628878,,
2017/10/17 11:23,34.7655977,134.8338651,,
2017/10/17 11:36,36.1205707,140.2296038,,
2017/10/17 11:46,35.837177,139.8624705,35.83421551,139.863615
2017/10/17 12:38,38.0920752,139.5666244,,
2017/10/17 12:49,33.57096078,130.3612965,,
2017/10/17 12:56,34.69441787,135.536045,,
2017/10/17 13:16,35.70797441,139.6568927,,
2017/10/17 13:43,34.6325212,135.5620637,,
2017/10/17 13:51,35.95703399,140.5805496,,
2017/10/17 13:52,36.76900609,137.1396163,,
2017/10/17 14:17,37.6889205,140.472709,,
2017/10/17 14:23,37.6891346,140.4725524,,
2017/10/17 14:27,37.8833495,139.0585189,,
2017/10/17 14:31,33.8115939,132.8205299,,
2017/10/17 14:37,35.6745414,139.7476997,,
2017/10/17 14:45,34.3443977,134.8645902,,
2017/10/17 15:07,34.69508737,135.5261284,34.69430318,135.5254319
2017/10/17 15:20,35.49408026,140.1167295,,
2017/10/17 15:22,36.12117049,137.9604067,,
2017/10/17 15:23,32.80558656,130.7380759,,
2017/10/17 15:27,35.51881467,139.553337,,
2017/10/17 16:15,36.54271079,139.8870495,,
2017/10/17 16:23,37.23738993,140.9925478,,
2017/10/17 16:26,34.7852213,135.4547165,,
2017/10/17 16:39,34.6518911,135.8270602,,
2017/10/17 17:01,37.35609759,138.5588186,,
2017/10/17 17:08,35.8027582,139.9267487,,
2017/10/17 17:31,34.912773,135.7460278,,
2017/10/17 17:40,34.79335425,135.6542769,,
2017/10/17 17:40,36.0990642,139.6542384,,
2017/10/17 18:08,32.9107054,129.953868,32.91067482,129.9538194
2017/10/17 18:19,35.90049452,136.1664308,,
2017/10/17 18:22,34.59702752,135.5024441,,
2017/10/17 18:25,35.9023587,136.1660809,,
2017/10/17 18:28,33.30455993,130.5220982,,
2017/10/17 18:29,34.46593049,135.5776164,,
2017/10/17 18:34,33.6189239,130.4797259,,
2017/10/17 18:54,34.3385923,135.6096336,,
2017/10/17 19:25,42.90749422,141.7205183,,
2017/10/17 19:26,36.29146659,139.376344,,
2017/10/17 19:28,36.21412774,137.9802606,,
2017/10/17 19:29,35.40264767,136.8619507,,
2017/10/17 19:35,38.25344982,140.3211489,,
2017/10/17 20:16,33.20160247,129.8720394,,
2017/10/17 20:28,36.43105349,140.5148806,,
2017/10/17 20:28,35.69088038,139.8356102,,
2017/10/17 20:29,35.69088038,139.8356102,,
2017/10/17 20:41,34.45100286,135.3913896,,
2017/10/17 21:12,35.16162173,136.9640943,,
2017/10/17 21:23,37.39705364,140.3850258,,
2017/10/17 21:37,35.1856353,132.8383675,,
2017/10/17 21:38,34.75262929,135.3929915,,
2017/10/17 21:39,33.85785984,130.6698974,,
2017/10/17 21:54,34.68582931,135.6868548,,
2017/10/17 23:39,34.9989417,135.9252848,,
2017/10/17 23:44,26.38017592,127.8545687,,
2017/10/18 0:21,36.3692953,140.4779311,,
2017/10/18 3:04,35.10635082,138.8916801,,
2017/10/18 5:27,35.44518532,139.631795,35.44518532,139.631795
2017/10/18 6:06,36.2014291,139.7005507,,
2017/10/18 7:01,35.4214854,139.3918193,,
2017/10/18 7:22,35.44518532,139.631795,35.44518532,139.631795
2017/10/18 8:04,34.7153593,134.8663439,,
2017/10/18 8:11,35.19234668,140.2692751,,
2017/10/18 8:43,36.27966368,139.266717,,
2017/10/18 8:45,34.0129608,131.3315004,,
2017/10/18 8:51,26.25865947,127.7235288,,
2017/10/18 9:10,35.7225576,139.3144007,,
2017/10/18 9:21,35.8093361,139.9585704,,
2017/10/18 9:32,35.61350214,138.4798492,,
2017/10/18 9:36,36.28469625,140.3225121,,
2017/10/18 10:00,35.8365476,139.5767123,35.83673158,139.5767534
2017/10/18 10:06,34.4767995,135.4725648,,
2017/10/18 10:11,36.33942088,139.4379002,,
2017/10/18 10:11,35.16936779,136.8587044,,
2017/10/18 10:19,36.4432955,136.5396035,,
2017/10/18 10:23,32.75970301,130.6883185,,
2017/10/18 10:44,36.7208576,137.230582,,
2017/10/18 10:46,35.71789512,139.7436101,,
2017/10/18 10:52,35.9278897,136.1355544,,
2017/10/18 10:54,36.7455301,137.1062832,,
2017/10/18 11:02,34.50190513,133.7502912,,
2017/10/18 11:31,35.65818457,139.5360432,,
2017/10/18 11:33,35.42521762,135.0084863,,
2017/10/18 12:04,35.9161886,140.1715007,,
2017/10/18 12:28,34.50855617,135.7018589,,
2017/10/18 12:36,34.51139025,135.7065888,,
2017/10/18 12:59,35.6330104,139.5582381,,
2017/10/18 13:13,33.5719143,133.5436171,,
2017/10/18 13:16,34.50976417,135.7412543,34.50976417,135.7412543
2017/10/18 13:35,34.69850102,135.41244,,
2017/10/18 13:40,34.76632294,137.7815904,,
2017/10/18 13:58,36.02695826,139.4118353,,
2017/10/18 14:21,34.83620331,138.2164468,,
2017/10/18 14:26,35.58019,140.1250823,,
2017/10/18 14:34,35.80755575,139.5777807,,
2017/10/18 14:45,34.81574269,135.6490442,,
2017/10/18 15:08,26.2601613,127.7592692,,
2017/10/18 15:21,33.6483843,130.6677344,,
2017/10/18 15:47,36.0835526,138.0600731,36.08331833,138.0608465
2017/10/18 16:33,33.28787112,131.3493206,,
2017/10/18 16:36,34.80910188,137.3368282,,
2017/10/18 16:44,36.02968447,140.167022,,
2017/10/18 16:58,32.6531604,130.6886462,,
2017/10/18 17:11,33.82943244,132.7042543,,
2017/10/18 17:11,35.791047,139.4449036,,
2017/10/18 17:12,38.1029487,140.8897984,,
2017/10/18 17:19,33.82943244,132.7042543,,
2017/10/18 17:23,35.2015941,138.651787,,
2017/10/18 17:24,33.82935951,132.7043154,,
2017/10/18 17:28,35.90154572,138.407251,,
2017/10/18 17:37,36.2953306,139.342191,,
2017/10/18 17:41,36.2950595,139.34233,,
2017/10/18 17:51,43.21614246,141.5254795,,
2017/10/18 17:56,34.7166439,135.3789062,,
2017/10/18 18:07,36.2064848,139.4065149,,
2017/10/18 18:39,36.53339233,139.8165863,,
2017/10/18 19:23,26.1972899,127.6699136,,
2017/10/18 19:24,32.83676231,130.8890787,,
2017/10/18 19:38,34.59322159,135.5516889,,
2017/10/18 20:00,35.05137413,137.1635077,,
2017/10/18 20:13,36.1848001,139.2930255,,
2017/10/18 20:37,35.84626624,140.0043476,,
2017/10/18 20:51,43.11658988,141.3957826,,
2017/10/18 21:01,42.62954787,141.5981896,,
2017/10/18 21:09,32.83636417,130.8895817,,
2017/10/18 21:11,34.8676316,138.2606704,,
2017/10/18 21:47,43.07479041,141.3491849,43.07479041,141.3491849
2017/10/18 23:05,34.27157316,133.9535671,,
2017/10/19 1:23,35.1746641,136.9075719,35.1746641,136.9075719
2017/10/19 1:33,35.1746294,136.907562,,
2017/10/19 1:42,33.74590452,130.5987641,,
2017/10/19 1:59,36.0423339,139.3788513,,
2017/10/19 3:04,33.2473773,131.6539663,,
2017/10/19 5:13,34.92273058,136.0880768,,
2017/10/19 6:34,34.6820472,135.4349578,,
2017/10/19 6:51,36.33320078,139.6171576,,
2017/10/19 6:54,36.3332472,139.6170875,,
2017/10/19 7:15,34.3421221,135.2602541,,
2017/10/19 7:31,34.8436396,134.9415237,,
2017/10/19 8:04,34.49446158,136.741936,,
2017/10/19 8:10,32.8829525,130.0521856,,
2017/10/19 8:13,34.5351208,135.4419642,34.5355739,135.4420244
2017/10/19 8:28,42.97606,143.1769471,,
2017/10/19 8:39,38.2207507,140.3231664,,
2017/10/19 8:43,34.07604294,133.6352051,,
2017/10/19 8:43,34.07726929,133.6353124,,
2017/10/19 8:57,35.6251122,140.0731598,,
2017/10/19 9:05,35.07894062,136.6193543,,
2017/10/19 9:46,31.2559753,130.6424584,,
2017/10/19 10:00,35.098505,137.1116149,,
2017/10/19 10:12,32.7910111,130.7302226,,
2017/10/19 10:42,34.8348336,134.6763538,,
2017/10/19 10:52,39.69944834,141.1489625,,
2017/10/19 11:30,32.9653648,131.8999818,,
2017/10/19 11:40,36.0046347,139.6059972,,
2017/10/19 12:10,35.32869806,139.3178136,,
2017/10/19 12:20,34.52516134,133.4726483,,
2017/10/19 12:21,34.52516134,133.4726483,,
2017/10/19 12:58,35.1263523,136.9963116,,
2017/10/19 13:03,38.98940064,139.8424928,,
2017/10/19 13:12,34.87608072,138.2578742,,
2017/10/19 13:32,34.3742064,132.4910017,,
2017/10/19 13:35,34.60170625,133.8978589,,
2017/10/19 13:46,35.11432201,138.9003102,,
2017/10/19 13:48,33.6982001,130.4469569,,
2017/10/19 13:56,33.2487255,131.6488737,,
2017/10/19 14:04,35.57275025,139.7026775,,
2017/10/19 14:22,35.76376171,140.3857504,,
2017/10/19 14:25,40.5241681,140.9668145,,
2017/10/19 14:42,36.579623,136.6925683,,
2017/10/19 15:12,34.99505338,135.963717,,
2017/10/19 15:21,36.06392286,136.2243878,,
2017/10/19 15:22,39.49329572,140.4255636,,
2017/10/19 16:20,33.653488,130.8091646,,
2017/10/19 16:29,35.20112313,136.9283769,,
2017/10/19 16:35,34.53440603,135.5039966,,
2017/10/19 16:42,33.54317121,133.5165802,,
2017/10/19 17:50,35.8879282,140.4950648,,
2017/10/19 17:56,35.3619949,139.3998017,35.3620649,139.3995871
2017/10/19 17:58,35.8196716,139.7336728,,
2017/10/19 18:04,34.63704034,133.3092234,,
2017/10/19 18:29,35.92300564,139.4440634,,
2017/10/19 18:29,35.0850194,135.8925321,,
2017/10/19 18:30,34.3814361,132.4405613,,
2017/10/19 18:40,36.86257764,139.9693429,,
2017/10/19 18:44,35.898529,139.5551325,,
2017/10/19 18:59,36.63390661,138.1811184,,
2017/10/19 19:02,26.20916391,127.722441,,
2017/10/19 19:14,34.9686999,135.6939867,,
2017/10/19 19:25,43.05273134,141.4590988,,
2017/10/19 19:27,35.1593409,136.8646801,,
2017/10/19 19:29,35.77301282,139.8914298,,
2017/10/19 19:49,34.65581512,133.8706495,34.6543148,133.8706495
2017/10/19 19:50,34.78094987,135.5814318,,
2017/10/19 19:56,26.28454184,127.7447887,,
2017/10/19 19:58,33.26424008,130.299579,,
2017/10/19 20:15,35.13689992,136.7825792,,
2017/10/19 20:33,34.05494893,131.5643746,,
2017/10/19 20:34,35.3788668,136.817395,35.37883861,136.817539
2017/10/19 20:49,35.0405489,138.9236441,,
2017/10/19 20:55,36.1114443,139.9717826,,
2017/10/19 21:09,34.87532692,138.3174808,,
2017/10/19 21:33,31.56118011,130.5621196,,
2017/10/19 21:38,36.38635205,138.2146098,,
2017/10/19 21:46,33.22567826,131.6478286,,
2017/10/19 21:51,35.5477962,139.5174506,,
2017/10/19 22:30,34.84703208,136.580401,34.84516459,136.5765042
2017/10/19 22:32,35.77015523,139.3489004,35.76734935,139.3507142
2017/10/20 0:36,35.46613561,139.8743772,,
2017/10/20 1:13,36.15115507,139.369002,,
2017/10/20 6:07,36.0639786,139.628085,,
2017/10/20 6:20,35.87605475,139.825491,,
2017/10/20 7:03,42.9019202,143.0116988,,
2017/10/20 7:04,35.74500893,139.451406,,
2017/10/20 7:13,43.01089876,141.3881056,,
2017/10/20 7:27,35.68260965,139.3279331,,
2017/10/20 7:34,36.02289906,140.0800818,,
2017/10/20 7:35,36.48969483,138.1345927,,
2017/10/20 7:44,34.74896126,135.5521256,,
2017/10/20 7:56,36.26827552,139.1078824,,
2017/10/20 8:26,35.72207486,139.309848,,
2017/10/20 8:27,35.8978347,139.4878536,,
2017/10/20 8:39,35.43793212,132.8106996,,
2017/10/20 8:44,36.36537741,140.4517704,,
2017/10/20 8:51,35.03310594,136.97749,,
2017/10/20 8:52,35.88290581,139.9021504,,
2017/10/20 8:56,32.85016151,130.7358595,,
2017/10/20 9:08,34.37159735,132.5055322,,
2017/10/20 9:25,35.94855766,139.9088443,,
2017/10/20 9:42,33.74105288,130.6074976,,
2017/10/20 9:43,34.97452966,137.0510375,34.86036321,137.163718
2017/10/20 10:00,35.0319458,136.6166954,,
2017/10/20 10:08,36.72462655,137.2336508,,
2017/10/20 10:08,34.55711714,135.690904,,
2017/10/20 11:03,35.59140482,139.6409799,,
2017/10/20 12:01,35.3501879,136.8634775,,
2017/10/20 12:07,34.5056069,133.3603887,34.50329379,133.3543667
2017/10/20 12:27,36.3386128,139.1843508,,
2017/10/20 12:32,33.5262989,130.1442223,,
2017/10/20 12:53,34.7860023,135.6178772,,
2017/10/20 13:27,34.38988186,132.461367,,
2017/10/20 13:37,34.72865378,135.4763532,,
2017/10/20 13:38,35.66203342,140.1556191,,
2017/10/20 14:15,36.15441437,140.5756805,,
2017/10/20 14:32,33.60825114,130.4755577,,
2017/10/20 14:42,33.7662007,130.761071,,
2017/10/20 15:10,32.80985825,130.8371627,,
2017/10/20 15:20,35.63629787,140.1304709,,
2017/10/20 15:27,37.3011079,140.3666431,,
2017/10/20 15:29,36.5308449,140.4253769,,
2017/10/20 15:40,35.4577419,136.853813,,
2017/10/20 15:53,35.88290729,139.6160077,,
2017/10/20 16:01,34.82724207,135.4885195,34.82724207,135.4885195
2017/10/20 16:13,34.4966605,135.4265564,,
2017/10/20 16:54,36.54259403,139.9756361,,
2017/10/20 17:08,35.63388533,139.8365504,,
2017/10/20 17:29,34.01967868,133.5757549,,
2017/10/20 18:19,35.54444021,139.5169606,35.54452751,139.5168962
2017/10/20 18:35,33.52841649,131.3709253,,
2017/10/20 19:00,34.52736314,133.2953926,,
2017/10/20 19:02,35.1830111,136.842248,,
2017/10/20 19:08,35.52951398,139.7076948,,
2017/10/20 19:12,35.1830869,136.842892,35.18271861,136.843407
2017/10/20 19:24,38.26198183,140.3230256,38.26210403,140.322906
2017/10/20 19:47,35.8960005,139.6167709,,
2017/10/20 20:11,34.11506612,134.5398685,,
2017/10/20 21:11,34.89374917,134.5887086,,
2017/10/20 21:20,35.4249551,137.0310805,,
2017/10/20 21:30,43.09431681,141.4500007,,
2017/10/20 21:46,36.06659,136.2125809,,
2017/10/20 21:53,35.1237645,136.2684606,,
2017/10/20 21:58,32.8501675,130.0420004,32.85111513,130.0422495
2017/10/20 22:00,36.0665622,136.2126729,,
2017/10/20 22:09,36.5020319,140.6056774,,
2017/10/20 22:18,35.878063,139.8255287,,
2017/10/20 23:00,35.42248408,133.3344567,,
2017/10/20 23:55,38.4406378,141.2787405,,
2017/10/21 0:03,33.68406029,130.4901677,,
2017/10/21 2:41,35.05568,136.9409195,,
2017/10/21 2:56,34.99785978,135.8942535,,
2017/10/21 3:55,34.54364158,133.7360226,34.51661693,133.6905558
2017/10/21 5:15,34.7506026,135.833054,,
2017/10/21 6:43,34.5235188,133.2905361,,
2017/10/21 6:46,33.29422161,131.0592934,,
2017/10/21 6:54,34.52353128,133.2905831,,
2017/10/21 7:33,35.62746688,139.5417953,35.63024001,139.5417065
2017/10/21 7:37,34.5616559,136.516732,,
2017/10/21 7:39,35.57799419,139.5042135,,
2017/10/21 8:04,36.1810249,139.5851503,,
2017/10/21 8:06,36.1809576,139.5851643,,
2017/10/21 8:43,35.5326845,139.627069,,
2017/10/21 8:52,35.60262726,139.768463,35.59910295,139.7665103
2017/10/21 8:59,36.35909273,139.2962117,36.35969103,139.2962313
2017/10/21 9:00,35.07076912,137.146418,35.07030276,137.1450209
2017/10/21 9:14,35.6266863,138.5225443,,
2017/10/21 9:30,35.67834141,139.9346173,,
2017/10/21 9:45,34.32299077,135.1839364,,
2017/10/21 9:54,33.24627883,131.6963651,33.24625854,131.6962878
2017/10/21 10:00,35.46933345,139.6320999,,
2017/10/21 10:02,35.7499893,139.6361234,35.74807368,139.6336558
2017/10/21 10:07,33.1549226,129.7488593,,
2017/10/21 10:08,34.5041438,135.3855852,,
2017/10/21 10:09,35.70946966,139.5148627,,
2017/10/21 10:15,33.154881,129.7499594,33.15507861,129.7491869
2017/10/21 10:15,35.3860198,139.5989051,,
2017/10/21 10:44,34.70363196,135.5108138,,
2017/10/21 10:52,35.45710862,139.6252028,,
2017/10/21 10:55,36.95476568,140.8993068,,
2017/10/21 11:09,38.7329889,141.026916,,
2017/10/21 11:10,38.7330979,141.0269654,,
2017/10/21 11:12,35.26287308,139.5966788,,
2017/10/21 11:14,35.67391747,140.1650508,,
2017/10/21 11:16,34.28655685,133.8710816,,
2017/10/21 11:29,35.21105214,137.0593545,,
2017/10/21 11:39,35.69862017,139.7539481,,
2017/10/21 11:40,35.93320104,139.9922753,,
2017/10/21 11:50,34.8456943,134.9509773,,
2017/10/21 12:01,36.58523484,136.6517487,,
2017/10/21 12:06,34.9870844,136.9915443,,
2017/10/21 12:11,35.60976309,139.6462842,,
2017/10/21 12:15,35.41259916,136.681858,35.41272443,136.6819135
2017/10/21 12:18,34.97845533,135.9045615,,
2017/10/21 12:41,34.73344677,137.3988724,,
2017/10/21 12:47,34.6643079,135.4649634,,
2017/10/21 12:48,37.138003,138.7573591,,
2017/10/21 12:49,36.01120697,139.9866505,36.01120697,139.9866505
2017/10/21 12:50,34.71343476,135.5237927,,
2017/10/21 12:57,34.71357428,135.5244153,,
2017/10/21 13:06,34.7306004,136.4767929,,
2017/10/21 13:07,34.6995314,135.7631777,34.69943968,135.7630419
2017/10/21 13:46,35.82591562,139.9167862,,
2017/10/21 13:52,34.51646608,133.1653238,,
2017/10/21 13:58,35.70197032,139.8991958,,
2017/10/21 13:59,33.58315591,130.3502077,,
2017/10/21 14:01,34.92151074,138.3687987,,
2017/10/21 14:08,35.54406305,140.1191894,,
2017/10/21 14:25,34.75107211,135.4417363,,
2017/10/21 14:29,35.74341178,139.7327961,,
2017/10/21 15:14,34.6750287,135.7026603,34.67513592,135.7025989
2017/10/21 15:16,34.87475621,136.5300544,,
2017/10/21 15:22,33.68360853,130.453476,,
2017/10/21 15:27,35.3859414,139.5991077,,
2017/10/21 15:47,26.27014552,127.7323766,,
2017/10/21 15:54,33.5774331,130.4052128,,
2017/10/21 16:01,35.8327325,139.9352942,35.8327325,139.9352942
2017/10/21 16:17,34.7110051,135.6235949,,
2017/10/21 16:18,34.0002722,131.2254815,,
2017/10/21 16:29,36.0359967,139.4162483,,
2017/10/21 16:29,34.60730455,135.60968,,
2017/10/21 16:46,35.41020069,140.2009431,,
2017/10/21 16:55,35.8781078,139.6507888,35.8779861,139.6507459
2017/10/21 17:14,35.6094838,139.471956,,
2017/10/21 17:26,35.65955136,139.7216259,,
2017/10/21 17:32,34.86249149,136.9762114,,
2017/10/21 17:35,35.0403666,135.8579509,,
2017/10/21 17:37,36.72326037,137.2514832,,
2017/10/21 17:45,43.4031189,142.1783975,,
2017/10/21 17:53,35.574016,139.3668915,35.57451341,139.3670739
2017/10/21 18:24,34.65741811,135.6347704,,
2017/10/21 18:33,35.77484707,140.3169439,,
2017/10/21 18:40,43.0775584,141.3309595,,
2017/10/21 18:47,34.62442026,135.4779477,,
2017/10/21 18:50,34.4816677,133.8208462,34.48167263,133.8206472
2017/10/21 19:03,34.91495978,136.2946204,,
2017/10/21 19:25,33.59854858,130.4173329,,
2017/10/21 20:12,38.2442649,140.8791466,,
2017/10/21 20:12,34.70009221,136.5185924,,
2017/10/21 20:22,43.1409834,141.2346928,,
2017/10/21 20:48,34.23536612,135.3310089,,
2017/10/21 20:49,35.56054308,140.1798506,,
2017/10/21 20:59,26.33740999,127.8464439,,
2017/10/21 21:02,26.33740999,127.8464439,,
2017/10/21 21:02,43.07882615,141.4050876,,
2017/10/21 21:30,38.28404522,140.993384,,
2017/10/21 21:31,36.09038381,140.5262063,,
2017/10/21 21:52,34.83336712,135.5752982,,
2017/10/21 22:25,34.47178034,135.4014615,34.47014844,135.40063
2017/10/21 22:32,35.77575882,139.8300782,,
2017/10/21 22:41,34.47135527,135.4010535,,
2017/10/21 23:01,34.0814788,132.1947531,,
2017/10/21 23:26,35.05511238,135.7349135,,
2017/10/21 23:28,34.47274422,135.4019519,,
2017/10/21 23:37,33.83620108,132.7805139,,
2017/10/22 0:23,35.7390216,139.6372691,,
2017/10/22 0:32,34.977524,137.0376935,,
2017/10/22 0:33,34.7516311,135.6926901,,
2017/10/22 3:11,34.88603542,133.9156617,34.88603542,133.9156617
2017/10/22 4:52,37.42895778,140.401329,,
2017/10/22 4:58,34.65323486,135.7850342,,
2017/10/22 6:32,36.01489434,139.3900844,,
2017/10/22 6:57,35.6515038,139.6376388,,
2017/10/22 7:14,35.53751471,139.5346967,,
2017/10/22 7:15,34.63264265,135.5176607,,
2017/10/22 8:05,35.753214,140.0667478,,
2017/10/22 8:08,35.67105226,139.4669715,35.67396331,139.4682804
2017/10/22 8:24,35.99574971,139.6802998,,
2017/10/22 8:28,34.6613942,135.8427326,,
2017/10/22 9:03,33.2377488,131.6012203,,
2017/10/22 9:07,33.9427052,130.9651721,,
2017/10/22 9:19,36.50678274,139.8768365,,
2017/10/22 9:34,35.6414401,140.0619619,,
2017/10/22 9:48,32.8088194,130.7599127,,
2017/10/22 9:51,34.74552502,137.372205,,
2017/10/22 10:18,37.38263367,140.3692334,37.3827445,140.3695928
2017/10/22 10:19,36.0586701,140.1427412,,
2017/10/22 10:25,34.49346867,136.6721106,,
2017/10/22 10:26,34.66288804,138.1932125,,
2017/10/22 10:27,35.03209385,137.0182024,,
2017/10/22 10:52,37.1455254,140.2195917,,
2017/10/22 10:52,32.86271094,130.7439381,,
2017/10/22 10:59,34.84241957,135.2227553,34.84246376,135.2226247
2017/10/22 11:25,33.84770885,135.1683548,,
2017/10/22 11:27,36.30625055,139.4525332,,
2017/10/22 11:42,43.01322584,141.3657127,,
2017/10/22 11:49,34.7690044,134.8022284,,
2017/10/22 11:51,35.11404838,137.1227837,,
2017/10/22 12:01,35.54789882,139.7885287,,
2017/10/22 12:18,32.82413791,130.7592932,,
2017/10/22 12:20,35.3985242,139.3139671,,
2017/10/22 12:27,34.76378333,137.3648893,,
2017/10/22 12:49,35.0237651,134.7631947,,
2017/10/22 13:24,35.5530125,139.7327311,,
2017/10/22 13:27,35.1630229,136.9348526,35.1630229,136.9348526
2017/10/22 13:49,38.0374711,140.9017521,,
2017/10/22 13:58,35.92268682,140.1201267,,
2017/10/22 13:59,35.3833841,139.5361887,,
2017/10/22 14:06,33.36393738,130.5322113,,
2017/10/22 14:12,35.80185239,139.5956386,,
2017/10/22 14:21,36.17788219,140.2666889,,
2017/10/22 14:25,35.02079628,135.9456636,,
2017/10/22 14:29,35.48059648,136.9163948,,
2017/10/22 14:38,34.6662453,135.0337353,,
2017/10/22 14:56,34.78054777,135.0100437,,
2017/10/22 15:30,33.19912789,131.6066972,,
2017/10/22 15:30,36.30829623,139.9821759,,
2017/10/22 15:38,34.5779801,136.5367372,,
2017/10/22 15:38,35.3042089,136.8090361,,
2017/10/22 15:46,36.03618815,136.2121884,,
2017/10/22 15:48,43.05495718,141.4656335,43.05545891,141.465376
2017/10/22 15:50,34.5778057,136.5368387,,
2017/10/22 15:54,35.031414,136.2346464,,
2017/10/22 15:55,35.031414,136.2346464,,
2017/10/22 15:59,35.64810194,139.6304955,,
2017/10/22 16:06,35.3676183,137.2212257,,
2017/10/22 16:26,34.0909505,131.3955962,34.09079267,131.3957587
2017/10/22 16:26,34.95190768,135.7540357,,
2017/10/22 16:31,34.11316159,134.3918131,,
2017/10/22 16:47,35.4235846,139.6193803,,
2017/10/22 16:49,33.96610545,133.3054511,,
2017/10/22 17:00,34.9871839,135.7022232,,
2017/10/22 17:15,35.55294738,139.732891,35.55253948,139.7335371
2017/10/22 17:16,34.55496093,136.5596845,,
2017/10/22 17:44,35.41850006,136.7570596,,
2017/10/22 17:51,34.74157803,136.524534,,
2017/10/22 17:51,35.33533337,139.311824,,
2017/10/22 17:57,35.3861767,139.9233352,,
2017/10/22 18:07,34.6484038,134.9859823,,
2017/10/22 18:27,37.0248605,136.9602524,,
2017/10/22 18:29,42.82261909,141.6437756,,
2017/10/22 18:39,34.49487784,133.4402793,,
2017/10/22 18:53,34.78753944,135.6195905,,
2017/10/22 19:25,34.7914932,133.9826193,,
2017/10/22 19:46,36.6764283,139.9603733,,
2017/10/22 19:54,35.843671,139.6471022,,
2017/10/22 20:01,35.22631588,137.0831016,35.22598284,137.0822218
2017/10/22 20:02,33.5579996,130.4218546,,
2017/10/22 20:10,33.9985184,135.3488363,,
2017/10/22 20:12,34.63356939,133.8856115,,
2017/10/22 20:29,32.78359038,130.6079788,,
2017/10/22 20:42,35.7954583,139.283571,,
2017/10/22 20:44,36.2750897,139.3667626,,
2017/10/22 20:52,35.9454399,139.9868616,,
2017/10/22 20:53,35.04317236,136.059063,,
2017/10/22 20:58,33.772396,130.6663693,,
2017/10/22 21:01,34.2565778,135.1262221,34.25666157,135.126403
2017/10/22 21:04,36.23901111,137.9921832,36.23886137,137.9923828
2017/10/22 21:26,40.65376497,141.3749434,,
2017/10/22 21:26,34.8348673,134.5036401,,
2017/10/22 21:29,40.65380767,141.3749863,,
2017/10/22 21:47,40.65381225,141.3749728,,
2017/10/22 21:52,37.7245923,140.4468427,,
2017/10/22 21:59,33.91270731,135.174538,,
2017/10/22 21:59,34.8609217,135.6039147,,
2017/10/22 22:17,34.14073036,135.1831783,,
2017/10/22 22:58,34.70384367,135.2209335,,
2017/10/22 23:01,35.52185227,139.3958769,,
2017/10/22 23:22,32.79918135,130.7324636,,
2017/10/22 23:32,35.24132541,137.0116333,,
2017/10/22 23:58,36.1567965,137.2437525,,
2017/10/23 0:19,34.24672977,132.5428223,,
2017/10/23 0:55,34.4913141,136.7091346,,
2017/10/23 1:21,36.0582885,139.626561,,
2017/10/23 2:28,34.50703819,135.4326102,,
2017/10/23 2:53,34.8319383,134.5034284,,
2017/10/23 3:00,37.65031494,139.871307,,
2017/10/23 3:05,34.470996,135.4177445,,
2017/10/23 4:19,34.6661643,135.5570127,,
2017/10/23 4:24,34.94465823,138.4080415,,
2017/10/23 4:40,34.6661479,135.556939,,
2017/10/23 5:02,35.57108,139.3089831,,
2017/10/23 5:16,34.94426924,138.406455,,
2017/10/23 5:34,37.39618842,140.3742851,,
2017/10/23 5:54,33.62181897,130.4724337,,
2017/10/23 6:03,36.0570012,140.2149773,,
2017/10/23 6:08,36.30703666,136.285805,,
2017/10/23 6:11,34.2036408,135.2114653,,
2017/10/23 6:19,36.4979221,139.0099385,,
2017/10/23 6:20,35.86489279,139.313269,,
2017/10/23 6:22,36.940453,137.5474501,,
2017/10/23 6:26,35.4756138,139.341652,,
2017/10/23 6:42,34.73742709,135.562211,,
2017/10/23 6:45,35.65298321,140.0923611,,
2017/10/23 7:01,35.73209938,140.0511684,,
2017/10/23 7:10,36.18563603,139.483756,,
2017/10/23 7:11,37.8058767,139.1171238,37.80591014,139.1171
2017/10/23 7:14,35.3075135,139.5329416,,
2017/10/23 7:15,34.4944668,132.51277,,
2017/10/23 7:41,34.5831407,135.5099482,,
2017/10/23 7:45,34.52805509,133.3485643,,
2017/10/23 7:48,38.3626288,140.3658333,,
2017/10/23 7:49,34.0714245,134.580456,,
2017/10/23 7:59,38.26418154,140.9536835,,
2017/10/23 8:09,34.9023026,137.5007641,,
2017/10/23 8:14,34.6163598,133.7515148,,
2017/10/23 8:21,34.0355488,131.8594462,,
2017/10/23 8:25,31.35607464,130.4470709,,
2017/10/23 8:26,37.1341165,140.146402,,
2017/10/23 8:28,34.035565,131.8594074,,
2017/10/23 8:29,34.20098755,135.1564649,,
2017/10/23 8:35,35.6377475,139.8850074,,
2017/10/23 8:37,34.89333558,138.2343397,,
2017/10/23 8:41,37.83491259,139.1286614,,
2017/10/23 8:41,35.2508058,138.9157473,,
2017/10/23 8:45,38.25447244,140.9310476,,
2017/10/23 8:46,33.5688509,130.6863225,,
2017/10/23 8:49,34.6734237,135.6396666,,
2017/10/23 8:52,35.52755533,139.4420929,,
2017/10/23 8:57,35.9820947,139.6327239,,
2017/10/23 9:00,34.6733983,135.6396112,34.67312362,135.639702
2017/10/23 9:23,34.81846728,137.3751811,,
2017/10/23 9:39,34.46260868,132.5756855,,
2017/10/23 9:39,34.46252022,132.5756426,,
2017/10/23 9:40,34.46253791,132.5756426,,
2017/10/23 9:43,34.64562513,136.4681685,,
2017/10/23 9:43,34.76462187,135.3394597,34.76405256,135.3401034
2017/10/23 9:48,36.0674344,139.5456615,,
2017/10/23 10:05,36.968138,140.0648214,,
2017/10/23 10:08,35.38242318,139.5066079,,
2017/10/23 10:12,35.8587299,139.9753392,,
2017/10/23 10:14,40.8041747,140.7309638,,
2017/10/23 10:23,34.50495374,135.4338442,,
2017/10/23 10:54,38.21317654,140.8971795,,
2017/10/23 10:54,33.5694241,133.5083542,,
2017/10/23 11:36,33.97074967,133.4631223,,
2017/10/23 11:40,33.76100534,132.7027233,,
2017/10/23 12:27,35.2029531,136.976296,,
2017/10/23 12:38,36.0218001,139.5495961,,
2017/10/23 12:41,35.86163754,139.793635,35.86179798,139.7937971
2017/10/23 12:50,43.02184448,141.2886169,,
2017/10/23 13:07,36.54473108,136.6235953,,
2017/10/23 13:12,36.21368697,139.3698438,,
2017/10/23 13:34,34.6617792,135.6143016,,
2017/10/23 13:40,35.4836951,135.4330365,,
2017/10/23 13:48,34.60986076,136.4902684,,
2017/10/23 13:53,35.1531533,136.9343303,,
2017/10/23 13:53,35.5603169,139.7165089,,
2017/10/23 13:54,35.6131439,139.486385,,
2017/10/23 14:01,33.3110524,130.4918837,33.3097601,130.4910023
2017/10/23 14:26,36.30913175,139.4562445,,
2017/10/23 14:48,34.8649231,135.6324562,,
2017/10/23 15:02,34.72476249,135.3579465,,
2017/10/23 15:09,34.5077785,136.7166924,,
2017/10/23 15:20,34.7911062,134.5890525,,
2017/10/23 15:22,34.86952364,138.3204218,34.87092215,138.318645
2017/10/23 15:35,35.65294342,139.8629507,,
2017/10/23 15:49,34.76117407,137.3664227,,
2017/10/23 15:58,35.81768027,140.2662539,,
2017/10/23 16:37,35.8922828,139.6229258,,
2017/10/23 16:45,34.4873873,136.6411191,,
2017/10/23 16:46,35.96226569,140.6098195,,
2017/10/23 16:49,33.37355286,130.5161766,,
2017/10/23 17:00,33.25063782,131.6289849,,
2017/10/23 17:03,35.72619285,140.0461803,,
2017/10/23 17:06,35.4839417,139.393869,,
2017/10/23 17:06,35.2280312,136.9122894,,
2017/10/23 17:38,34.6333183,135.5698533,34.63344305,135.5670479
2017/10/23 17:40,34.49207944,136.7103583,,
2017/10/23 17:41,34.49216769,136.7106457,,
2017/10/23 17:44,35.5954575,139.4023882,,
2017/10/23 17:46,34.8057533,135.1059743,,
2017/10/23 17:49,36.1854485,139.8195338,,
2017/10/23 17:51,43.37740947,142.1891823,,
2017/10/23 17:54,35.3321094,136.7378478,,
2017/10/23 18:18,36.16200656,139.5277933,,
2017/10/23 18:37,35.27556146,136.870347,,
2017/10/23 18:37,33.9608087,131.1837883,,
2017/10/23 18:45,35.59382984,139.5379886,,
2017/10/23 18:48,35.38711391,136.6080848,,
2017/10/23 18:57,37.1709832,138.2956366,,
2017/10/23 19:06,36.4819782,139.9022043,,
2017/10/23 19:20,35.7651706,139.7112223,,
2017/10/23 19:29,34.39328425,132.4780009,,
2017/10/23 19:34,35.2941686,136.9165297,,
2017/10/23 19:50,36.39297185,139.0050254,,
2017/10/23 19:52,34.83677853,138.204994,,
2017/10/23 19:54,36.23032301,139.8548468,36.15662837,140.0502776
2017/10/23 20:03,36.1556653,140.049291,,
2017/10/23 20:11,35.65842151,140.1038299,,
2017/10/23 20:12,35.59881513,139.3521514,35.59828652,139.3513979
2017/10/23 20:16,35.5175104,139.5673104,,
2017/10/23 20:42,33.56981696,130.5251074,33.56919274,130.5251205
2017/10/23 22:04,34.77319865,138.2510737,,
2017/10/23 22:31,34.61482454,133.9224433,,
2017/10/23 22:34,34.72262515,137.7655456,,
2017/10/23 22:52,33.88171567,130.7347945,,
2017/10/23 23:36,35.76106421,139.6356787,,
2017/10/23 23:49,35.76110771,139.6356858,,
2017/10/24 0:21,36.55872483,136.5509712,,
2017/10/24 0:25,34.7230422,137.7305807,,
2017/10/24 0:54,34.74166127,136.5246419,,
2017/10/24 1:01,35.5728702,139.6930619,,
2017/10/24 1:19,36.7366985,140.6860242,,
2017/10/24 1:56,33.73929747,130.7370951,,
2017/10/24 4:55,35.68655385,139.8554635,,
2017/10/24 5:49,36.18030449,139.3559602,,
2017/10/24 5:50,36.1459549,139.5454864,,
2017/10/24 6:31,33.24165881,130.3908024,,
2017/10/24 7:06,36.09769128,139.2321026,,
2017/10/24 7:33,35.1136415,136.6284535,35.1136415,136.6284535
2017/10/24 7:40,43.08370823,141.3668955,,
2017/10/24 8:02,33.547933,130.3992056,,
2017/10/24 8:03,35.5451164,140.3355341,,
2017/10/24 8:06,36.6197415,138.1699659,,
2017/10/24 8:10,36.50461853,138.1369503,,
2017/10/24 8:14,35.1143566,138.8281875,,
2017/10/24 8:44,34.90883393,137.1482954,34.90959058,137.1487675
2017/10/24 8:50,37.86452782,139.0787142,,
2017/10/24 9:00,36.31016619,139.967254,,
2017/10/24 9:02,31.66179784,130.5718704,,
2017/10/24 9:40,32.9107054,129.953868,32.91066229,129.9538238
2017/10/24 9:48,34.48745086,136.6349168,,
2017/10/24 9:49,32.9107054,129.953868,32.91066796,129.9538186
2017/10/24 9:56,34.60998449,136.4902654,,
2017/10/24 9:57,35.14069188,136.882503,,
2017/10/24 10:05,35.7589264,140.1083792,,
2017/10/24 10:10,36.7584984,138.3769557,,
2017/10/24 10:17,35.36551065,136.6365975,,
2017/10/24 10:27,35.8056742,139.7757214,35.80525654,139.7756141
2017/10/24 11:06,35.8798382,139.9816632,,
2017/10/24 11:07,34.56687543,133.6429944,,
2017/10/24 11:17,26.34489833,127.8675213,,
2017/10/24 11:23,35.5196953,139.7420509,35.5181386,139.7509073
2017/10/24 11:35,35.04218502,136.986413,,
2017/10/24 11:38,34.6171315,133.7555071,,
2017/10/24 11:43,37.43180309,140.3767685,,
2017/10/24 11:47,35.46004584,139.3853647,,
2017/10/24 12:07,36.6288564,136.9552967,,
2017/10/24 12:07,34.30316027,135.5871699,,
2017/10/24 12:17,34.46195246,133.9158992,34.3814846,133.8928169
2017/10/24 12:23,34.5698826,135.6300997,,
2017/10/24 12:27,35.82659827,139.6383531,,
2017/10/24 12:33,35.43909837,139.5700265,,
2017/10/24 12:37,35.63073355,139.4341779,,
2017/10/24 12:50,33.8544553,130.7872095,,
2017/10/24 13:09,35.56835807,139.2798023,,
2017/10/24 13:34,36.19048965,138.0784468,,
2017/10/24 13:45,35.42578984,133.3501445,,
2017/10/24 13:50,34.64150478,135.5185233,,
2017/10/24 14:08,35.7184674,139.4615383,,
2017/10/24 14:16,32.39131722,131.5133591,,
2017/10/24 14:44,36.55457518,139.9210751,36.5486732,139.9233188
2017/10/24 15:15,33.23964725,131.6157627,,
2017/10/24 16:07,32.46177099,131.6484826,,
2017/10/24 16:16,33.72840423,130.4759675,,
2017/10/24 16:40,35.22319882,136.8753901,,
2017/10/24 16:40,33.83244431,132.7903712,,
2017/10/24 16:46,33.56614341,131.7247253,,
2017/10/24 16:51,36.70417155,137.867137,36.6985708,137.8626682
2017/10/24 17:00,26.21204426,127.7609669,,
2017/10/24 17:04,37.87494943,139.054181,,
2017/10/24 17:05,26.147247,127.6617772,26.14963544,127.6633007
2017/10/24 18:21,35.685935,140.1904902,,
2017/10/24 18:30,36.09275201,140.2185697,,
2017/10/24 18:51,36.5745378,138.1477547,,
2017/10/24 19:22,33.88164017,130.8493867,,
2017/10/24 19:33,35.00050291,138.4189681,,
2017/10/24 19:42,35.46571476,133.4324947,,
2017/10/24 19:48,33.95224141,130.9368817,,
2017/10/24 20:18,35.1275855,138.8788617,35.12767781,138.8792607
2017/10/24 20:46,35.66899339,139.9004661,35.66892783,139.9003737
2017/10/24 20:49,31.83687864,131.4251763,,
2017/10/24 20:52,35.65694945,139.5962663,,
2017/10/24 21:12,35.67051146,139.9034292,35.66897781,139.9003176
2017/10/24 21:23,36.070443,139.6566381,,
2017/10/24 23:01,35.68732869,140.0107629,35.68736025,140.0106575
2017/10/24 23:25,34.89022178,136.8717758,,
2017/10/24 23:49,35.54744984,140.2229889,,
2017/10/25 2:52,36.075871,140.0280199,,
2017/10/25 7:29,34.7703972,135.5416602,34.76981553,135.5421323
2017/10/25 7:37,35.91146292,139.5727675,,
2017/10/25 7:42,34.33946449,136.4081324,,
2017/10/25 7:59,34.4569102,133.1862298,,
2017/10/25 8:07,33.25795027,130.5479082,,
2017/10/25 8:41,43.79352637,142.3437099,,
2017/10/25 9:25,37.7769159,139.0160572,,
2017/10/25 9:40,36.5909658,140.6565105,,
2017/10/25 10:04,34.78192004,134.9800955,,
2017/10/25 10:14,33.8101845,132.8364034,,
2017/10/25 10:17,33.8082081,132.8235997,,
2017/10/25 10:22,38.2910068,141.042567,,
2017/10/25 10:37,35.26120408,136.8417407,,
2017/10/25 10:40,33.5398834,133.7646432,,
2017/10/25 10:54,35.64280308,140.078157,,
2017/10/25 10:59,36.0359303,140.1741511,,
2017/10/25 11:04,35.85947031,139.8930176,,
2017/10/25 11:45,35.07659912,137.1601868,,
2017/10/25 12:02,37.1914056,140.3269041,,
2017/10/25 12:07,35.4672488,139.6225844,,
2017/10/25 12:08,34.97542787,136.1732789,,
2017/10/25 12:09,35.5116171,139.621729,,
2017/10/25 12:40,34.65161058,133.9260592,34.64740428,133.9278374
2017/10/25 12:42,35.4576728,139.6237624,35.45775661,139.6236075
2017/10/25 12:49,35.73904127,139.5647376,,
2017/10/25 13:06,34.7459034,135.3438908,,
2017/10/25 13:06,36.31667284,140.4174198,,
2017/10/25 13:08,34.80373887,135.5642676,,
2017/10/25 13:35,35.71609914,139.9747832,,
2017/10/25 13:42,35.711643,139.9690679,,
2017/10/25 13:49,33.31378225,130.5538565,33.31378225,130.5538565
2017/10/25 13:53,34.05822703,131.8059425,,
2017/10/25 14:11,34.97636058,138.3955312,,
2017/10/25 14:30,36.40143743,140.5908691,,
2017/10/25 14:43,33.70134271,130.4536073,,
2017/10/25 14:51,43.54477992,141.9025533,,
2017/10/25 14:57,36.7615611,140.1289122,,
2017/10/25 15:07,35.6723619,140.0933354,,
2017/10/25 15:21,33.808624,130.9679021,,
2017/10/25 15:28,36.61466456,137.3316596,,
2017/10/25 15:33,43.12516636,141.3338951,,
2017/10/25 15:38,34.65247871,133.9092829,,
2017/10/25 15:39,38.28255195,140.9281878,,
2017/10/25 15:51,34.8678498,134.7300553,,
2017/10/25 16:02,35.2079858,136.9261306,,
2017/10/25 16:04,35.00995239,135.8395192,,
2017/10/25 16:12,34.37269516,132.3942462,,
2017/10/25 16:23,35.7479616,139.8638659,,
2017/10/25 16:32,33.56892312,130.3200204,33.56929231,130.3200389
2017/10/25 16:59,34.4416595,132.4621284,,
2017/10/25 17:16,35.58735844,139.6211337,,
2017/10/25 17:33,35.607818,139.6072716,,
2017/10/25 17:40,35.6078359,139.6072716,,
2017/10/25 17:59,34.99354029,138.4321002,,
2017/10/25 18:09,35.85105541,139.5825257,,
2017/10/25 18:28,43.71230895,143.6560422,,
2017/10/25 18:57,35.81762343,139.7724394,,
2017/10/25 18:58,35.64299876,139.4367662,35.6411674,139.4360875
2017/10/25 19:04,35.1577792,136.8184732,,
2017/10/25 19:05,36.20161467,137.9039032,,
2017/10/25 19:28,34.52262785,135.8327307,,
2017/10/25 20:20,34.71565591,136.4864126,,
2017/10/25 20:29,35.06101283,137.0842937,,
2017/10/25 20:43,33.86497011,130.829874,,
2017/10/25 20:55,35.40260504,139.4415196,,
2017/10/25 20:56,35.6691624,140.193205,,
2017/10/25 20:59,34.59805767,135.4480899,,
2017/10/25 21:08,34.73009688,135.3980209,,
2017/10/25 21:21,31.90954622,131.4362785,,
2017/10/25 22:05,33.56234174,130.2391298,,
2017/10/25 22:18,34.27593215,134.1006465,,
2017/10/25 22:20,34.80476566,134.7037775,,
2017/10/25 22:22,35.70614908,140.089518,,
2017/10/25 22:28,33.81574999,132.8047419,,
2017/10/25 22:29,34.27600952,134.1001539,,
2017/10/25 22:45,35.46504548,139.5320574,,
2017/10/25 22:51,35.4755502,136.9213741,,
2017/10/26 1:20,35.60022427,139.2812377,,
2017/10/26 2:40,33.23395913,131.599112,,
2017/10/26 4:44,36.80466017,139.9319679,,
2017/10/26 4:45,35.43036239,139.399756,,
2017/10/26 5:21,35.4193517,139.6499618,,
2017/10/26 6:19,35.96420935,139.6410915,,
2017/10/26 7:08,36.56847517,140.383167,,
2017/10/26 7:15,31.5244113,130.5245075,,
2017/10/26 7:42,35.85686398,139.8009952,,
2017/10/26 7:46,36.32834493,136.4036139,,
2017/10/26 7:53,35.62515541,139.633514,,
2017/10/26 7:54,39.7228576,140.1363668,,
2017/10/26 8:15,35.6360836,138.6954615,,
2017/10/26 8:19,34.88564263,137.0980255,,
2017/10/26 8:20,34.61583,135.5011282,,
2017/10/26 8:24,34.6850796,137.8040307,,
2017/10/26 8:33,36.20953797,139.5179658,,
2017/10/26 9:07,35.1585737,136.8889214,35.1585737,136.8889214
2017/10/26 9:11,26.14145762,127.667152,,
2017/10/26 9:12,34.30920325,134.0820048,,
2017/10/26 9:15,35.70854662,139.7384041,,
2017/10/26 9:15,35.7668077,139.6501213,,
2017/10/26 9:25,34.7766829,135.6230873,,
2017/10/26 9:33,35.3430498,139.3519402,,
2017/10/26 9:44,34.66225485,135.4942012,,
2017/10/26 9:49,34.6623451,135.1590906,,
2017/10/26 9:54,35.42356494,140.2648124,,
2017/10/26 10:03,34.8663504,134.5446521,,
2017/10/26 10:04,33.85474321,130.7226295,33.85580604,130.7232615
2017/10/26 10:14,36.80466871,139.9319113,,
2017/10/26 10:33,34.86733399,138.2773325,,
2017/10/26 10:41,35.3431933,139.3519402,,
2017/10/26 10:47,35.77886944,139.875189,,
2017/10/26 11:01,36.3107269,139.4404786,,
2017/10/26 11:09,35.5479139,139.3868094,,
2017/10/26 11:15,35.7744913,139.3099128,,
2017/10/26 11:21,35.19423706,139.6648085,,
2017/10/26 11:26,35.19430405,139.6648256,,
2017/10/26 11:28,35.5733447,139.3748446,,
2017/10/26 11:49,34.4476419,135.6651144,,
2017/10/26 11:54,36.46556514,140.4426563,,
2017/10/26 11:55,34.30187014,133.802577,,
2017/10/26 11:56,35.65657267,139.3376688,35.65659306,139.3373902
2017/10/26 12:45,36.0706226,140.1560741,,
2017/10/26 12:57,35.332822,137.1068775,35.33276773,137.1063983
2017/10/26 13:05,35.19151286,136.8908052,,
2017/10/26 13:27,37.42456225,138.8574625,,
2017/10/26 13:32,34.7808542,135.5842254,34.77854542,135.565686
2017/10/26 13:32,35.67572912,138.5439194,35.67635298,138.5442313
2017/10/26 13:33,34.37996104,132.405651,,
2017/10/26 13:37,34.74347856,135.3388636,,
2017/10/26 14:05,43.00103467,141.3344499,,
2017/10/26 14:07,43.54263602,144.4287019,,
2017/10/26 14:08,35.0976145,135.9027382,,
2017/10/26 14:09,34.8398505,137.2469907,,
2017/10/26 14:41,42.91052668,141.5530127,,
2017/10/26 14:48,38.30415058,140.9529213,38.30426665,140.953031
2017/10/26 14:51,34.65540525,133.8698022,,
2017/10/26 15:12,36.09060954,140.2007374,,
2017/10/26 15:15,31.50702905,130.9531341,,
2017/10/26 15:46,35.63452933,140.3327045,,
2017/10/26 16:15,35.81983025,139.7141609,,
2017/10/26 16:17,35.00240928,135.6959309,,
2017/10/26 16:40,35.5432449,139.5726522,,
2017/10/26 17:01,35.30332111,136.8981795,,
2017/10/26 17:25,35.01503467,136.9576499,,
2017/10/26 17:41,34.65343908,134.0242129,,
2017/10/26 17:47,35.8020591,139.371324,35.80178065,139.3711738
2017/10/26 17:58,35.46166779,136.7321967,,
2017/10/26 18:11,34.29588122,135.4690786,,
2017/10/26 18:13,33.06023188,129.4209732,32.700483,129.8490479
2017/10/26 19:03,35.5479629,139.460414,,
2017/10/26 19:43,35.7998883,139.8963446,,
2017/10/26 19:44,35.629812,140.1265275,,
2017/10/26 19:51,33.56617158,130.3646963,,
2017/10/26 19:58,35.6288003,140.1273119,,
2017/10/26 20:02,32.6079333,130.4697433,,
2017/10/26 20:22,35.62758314,140.0748821,,
2017/10/26 20:25,34.71923921,135.2505223,34.71923921,135.2505223
2017/10/26 21:47,35.6829254,139.7886519,,
2017/10/26 21:51,33.7685131,130.9834506,,
2017/10/26 23:24,35.70706882,139.7509702,,
2017/10/26 23:26,35.70741737,139.7523995,,
2017/10/26 23:27,34.1315105,134.5394333,,
2017/10/26 23:48,34.65144543,133.9694242,,
2017/10/27 0:46,34.4954421,135.7051445,,
2017/10/27 1:38,33.2659731,131.5183066,,
2017/10/27 3:19,36.18049416,139.5375091,,
2017/10/27 6:45,35.66567857,138.5657808,,
2017/10/27 7:02,34.74362386,137.8201114,,
2017/10/27 7:23,35.70288345,139.8768228,,
2017/10/27 8:03,34.66954868,135.440325,,
2017/10/27 8:52,35.7381747,140.3228857,,
2017/10/27 9:00,34.70574873,137.748377,34.70339034,137.751473
2017/10/27 9:07,35.68238001,139.5943953,,
2017/10/27 9:17,36.3484974,139.4022009,,
2017/10/27 9:17,35.7313391,139.6332646,35.73133454,139.6330794
2017/10/27 9:34,34.19113859,131.4849366,,
2017/10/27 9:45,37.390902,138.834639,,
2017/10/27 10:08,36.1302573,139.4170677,,
2017/10/27 10:08,34.97760132,135.8163601,,
2017/10/27 10:42,34.7000779,136.1166779,,
2017/10/27 10:43,34.85281072,138.3087912,,
2017/10/27 11:01,34.73680004,135.4285888,,
2017/10/27 11:09,38.2336584,140.3292477,,
2017/10/27 11:16,33.7907065,130.5394549,,
2017/10/27 11:19,34.02306091,131.849242,,
2017/10/27 11:21,35.78221611,139.6273175,,
2017/10/27 11:25,35.24785138,136.8449771,,
2017/10/27 11:35,36.35560839,139.0183221,36.35579954,139.0183854
2017/10/27 12:00,34.3910276,135.8709754,,
2017/10/27 12:03,34.61876936,135.6294582,34.61876936,135.6287501
2017/10/27 12:04,34.61879787,135.6292737,,
2017/10/27 12:38,26.22378495,127.7379127,,
2017/10/27 12:43,43.08647915,141.3385785,43.11972022,141.3341132
2017/10/27 13:01,35.9876147,139.982057,,
2017/10/27 13:45,35.89649205,139.9527035,,
2017/10/27 14:09,34.98633195,135.7540104,,
2017/10/27 14:17,35.42488006,133.360732,,
2017/10/27 14:17,35.0729684,136.0259406,,
2017/10/27 14:34,35.00961387,135.7666345,,
2017/10/27 14:40,34.8199741,135.3817434,,
2017/10/27 14:52,37.01979793,140.1131171,,
2017/10/27 14:58,37.7571402,140.4590991,,
2017/10/27 15:21,35.0161461,138.4622121,,
2017/10/27 15:26,38.29541426,140.8271143,,
2017/10/27 15:37,43.06398717,141.7789173,,
2017/10/27 16:10,36.37831128,140.474638,,
2017/10/27 16:11,35.41486384,139.3620913,,
2017/10/27 16:41,34.98200314,135.8915287,,
2017/10/27 16:42,26.20771012,127.7273805,,
2017/10/27 17:10,35.6477084,139.6960832,35.64719446,139.6961915
2017/10/27 17:11,34.62459906,135.4890961,,
2017/10/27 17:18,35.6581059,138.5631254,,
2017/10/27 17:36,36.37231642,139.1010969,,
2017/10/27 17:49,34.85412598,135.6330872,,
2017/10/27 18:03,43.00803916,141.3776578,,
2017/10/27 18:08,34.62274459,135.5344997,,
2017/10/27 18:10,35.9257379,139.4729891,,
2017/10/27 18:13,35.49383322,136.9093482,,
2017/10/27 18:15,34.8609143,137.0686421,,
2017/10/27 18:28,34.0082523,130.996533,,
2017/10/27 18:58,34.24063619,135.3452692,,
2017/10/27 19:00,36.3369172,139.0306769,,
2017/10/27 19:04,35.01072989,135.7306476,,
2017/10/27 19:15,34.0436667,134.5640126,,
2017/10/27 19:37,35.6386238,139.5098757,,
2017/10/27 19:51,35.6385763,139.5099353,,
2017/10/27 20:00,35.7515141,139.8399008,,
2017/10/27 20:19,35.6383001,139.9266086,,
2017/10/27 20:30,34.92318856,137.1999543,34.92311168,137.199731
2017/10/27 21:01,31.9633077,131.3915538,,
2017/10/27 21:38,35.5214197,137.8232744,,
2017/10/27 22:05,34.0847568,134.463344,,
2017/10/27 22:11,35.4409367,139.6673528,,
2017/10/27 22:19,35.45750599,139.4886621,,
2017/10/27 22:30,34.23190629,135.1852258,,
2017/10/27 23:04,34.69728905,137.6504092,,
2017/10/28 4:18,33.86725567,130.7380666,,
2017/10/28 4:52,35.8788401,139.6550636,,
2017/10/28 5:13,43.0401309,141.4761993,,
2017/10/28 5:32,35.80157767,139.6198781,,
2017/10/28 7:05,35.70485774,140.146203,,
2017/10/28 7:12,35.07489817,135.5325915,,
2017/10/28 7:51,39.1479402,141.1832401,,
2017/10/28 7:56,35.5870429,139.5567528,,
2017/10/28 8:22,35.45513368,139.6050922,35.45569803,139.6052452
2017/10/28 8:40,33.34910499,130.391091,,
2017/10/28 8:40,35.76220341,139.9198277,,
2017/10/28 8:44,36.458401,140.4978884,,
2017/10/28 8:44,35.8112735,139.4516449,,
2017/10/28 8:50,34.67974923,133.7502183,,
2017/10/28 9:47,35.69426237,139.5504486,,
2017/10/28 9:57,35.46065673,139.5332966,35.4609738,139.5335848
2017/10/28 10:02,35.8202921,139.7202471,,
2017/10/28 10:03,33.3768908,130.7508588,,
2017/10/28 10:28,34.7125977,135.3609598,,
2017/10/28 10:35,35.92222426,139.3205329,35.92178006,139.3209688
2017/10/28 10:52,36.35729555,138.3608598,36.35739414,138.3609618
2017/10/28 10:52,35.70060469,139.6387271,35.70072138,139.6387167
2017/10/28 11:07,35.76503692,140.061423,,
2017/10/28 11:15,40.60581912,140.4901001,,
2017/10/28 11:29,36.2271311,138.8856117,,
2017/10/28 11:30,36.227131,138.8856122,,
2017/10/28 11:48,35.23433,139.679591,,
2017/10/28 12:04,43.0522209,141.3983371,,
2017/10/28 12:04,35.7922268,139.2966174,,
2017/10/28 12:11,35.64353798,139.8165458,,
2017/10/28 12:17,35.64311529,139.8169049,,
2017/10/28 12:18,34.71079265,135.209711,,
2017/10/28 12:21,36.00054696,140.040558,,
2017/10/28 12:51,35.67759988,139.6841279,,
2017/10/28 13:06,33.29080213,130.6210836,,
2017/10/28 13:33,43.04173015,141.3512316,43.04188796,141.3511768
2017/10/28 13:37,32.76149292,130.6896609,,
2017/10/28 13:39,36.32740427,139.0134094,,
2017/10/28 13:47,42.67470325,141.6878983,42.67456508,141.6876529
2017/10/28 13:51,35.276403,136.801838,,
2017/10/28 14:02,31.6403098,130.5833063,,
2017/10/28 14:03,31.58681243,130.5574746,,
2017/10/28 14:07,32.84099389,130.7172033,,
2017/10/28 14:08,35.49889371,139.411986,,
2017/10/28 14:24,42.9508843,141.7153316,42.95049166,141.715117
2017/10/28 14:55,33.85176833,130.9465096,,
2017/10/28 15:07,33.5290384,132.5661701,33.52866277,132.5668997
2017/10/28 15:12,31.89952248,131.4248981,,
2017/10/28 15:20,34.79811906,135.4926397,,
2017/10/28 15:30,38.3370266,140.3679601,,
2017/10/28 15:32,38.69866259,140.8422874,,
2017/10/28 15:35,35.13534738,138.6563753,,
2017/10/28 15:50,35.1507031,136.908475,,
2017/10/28 15:53,35.95024599,139.9934027,35.95024599,139.9934027
2017/10/28 16:05,35.18177432,136.9289169,,
2017/10/28 16:23,34.5653842,135.7007533,,
2017/10/28 16:48,34.61376736,135.5521976,,
2017/10/28 17:01,34.60750044,135.4928703,,
2017/10/28 17:12,31.71371446,130.2706967,31.713435,130.2703806
2017/10/28 17:19,34.73652187,137.775516,,
2017/10/28 17:23,35.48918279,136.8242281,,
2017/10/28 17:25,37.8706603,138.9773253,,
2017/10/28 17:41,34.7780268,135.7838064,,
2017/10/28 18:15,34.99529231,135.7587134,,
2017/10/28 18:55,36.51568367,136.5672672,,
2017/10/28 19:07,35.90374457,139.7854506,,
2017/10/28 19:19,34.81382055,135.7711074,,
2017/10/28 19:24,32.85921495,130.2746724,,
2017/10/28 19:48,34.25278828,135.2016328,,
2017/10/28 19:48,33.5746375,133.5942258,,
2017/10/28 19:55,34.74986654,137.8603685,,
2017/10/28 20:18,34.9247711,137.1415711,,
2017/10/28 20:25,35.54294693,139.5537904,,
2017/10/28 20:35,34.50300404,133.4125732,,
2017/10/28 20:57,35.7694408,139.3104969,,
2017/10/28 21:13,43.7293092,142.191301,,
2017/10/28 21:47,36.14277269,139.5529069,,
2017/10/28 21:50,34.90595158,137.3038548,,
2017/10/28 22:11,36.0951089,139.5791567,,
2017/10/28 23:17,40.53740307,141.4738646,,
2017/10/29 0:26,35.8785967,139.967995,,
2017/10/29 1:31,35.75421335,140.3080959,,
2017/10/29 5:19,35.53596497,139.6417236,,
2017/10/29 5:44,36.33155497,139.8041686,36.32988208,139.8066148
2017/10/29 7:10,35.11203525,136.9085005,35.11203525,136.9085005
2017/10/29 7:40,35.52676339,140.2595042,35.52906849,140.2585922
2017/10/29 7:48,34.84372508,132.7150883,,
2017/10/29 8:01,32.7958185,130.7036469,,
2017/10/29 8:06,36.62633573,138.601501,,
2017/10/29 8:13,34.66942568,135.4406191,,
2017/10/29 8:18,34.8861521,135.7495761,,
2017/10/29 8:29,33.21037224,131.5270671,,
2017/10/29 8:30,33.27274739,130.2758044,,
2017/10/29 9:03,40.2105745,141.2194396,,
2017/10/29 9:07,36.54409356,139.9087857,,
2017/10/29 9:15,43.0794144,141.3709953,,
2017/10/29 9:28,43.0781214,141.3958299,,
2017/10/29 9:37,41.8101482,140.752665,,
2017/10/29 9:52,36.4097316,137.8946367,,
2017/10/29 9:56,35.5540547,139.6249376,,
2017/10/29 10:06,36.54488543,140.1156053,,
2017/10/29 10:28,35.40289834,138.8740118,,
2017/10/29 10:32,35.05999103,136.688503,,
2017/10/29 10:56,35.29317137,135.1420883,,
2017/10/29 11:09,34.69738124,136.483033,,
2017/10/29 11:21,34.3325024,132.5654743,34.33293329,132.5644734
2017/10/29 11:26,34.93241059,137.1595534,,
2017/10/29 11:46,35.691192,139.8734466,,
2017/10/29 12:03,35.6474996,139.5728994,,
2017/10/29 12:04,37.63649425,140.4836142,37.63560811,140.483191
2017/10/29 12:27,35.86399314,139.5495485,,
2017/10/29 12:41,36.11744168,139.5203774,,
2017/10/29 12:46,35.6499272,139.5322017,,
2017/10/29 12:53,35.2488995,138.614243,35.24887327,138.6144159
2017/10/29 12:54,35.79039154,140.001885,,
2017/10/29 13:08,34.3467529,134.0386452,,
2017/10/29 13:20,35.42991952,139.5602862,,
2017/10/29 13:25,35.24790423,136.898486,,
2017/10/29 13:30,36.25967018,137.9339451,,
2017/10/29 13:38,33.5724808,130.2716992,,
2017/10/29 13:50,36.0709988,139.7111583,,
2017/10/29 13:53,43.179834,140.9793764,,
2017/10/29 14:09,33.19883366,130.600053,,
2017/10/29 14:30,35.9164953,139.5975746,,
2017/10/29 14:39,35.84427219,139.6894215,35.84456789,139.6894001
2017/10/29 14:43,34.67550981,135.5687462,,
2017/10/29 14:51,35.2690048,136.8244839,,
2017/10/29 14:59,37.51481888,138.7043972,,
2017/10/29 15:14,35.6314892,139.7018671,,
2017/10/29 15:17,34.7407852,136.5136717,,
2017/10/29 15:27,34.97456571,135.933261,,
2017/10/29 15:30,36.44660003,140.5019596,,
2017/10/29 15:41,34.03937277,131.8666249,,
2017/10/29 15:42,35.83902733,139.3728671,,
2017/10/29 15:48,35.34195491,139.5336283,,
2017/10/29 15:49,34.85365093,135.6193565,,
2017/10/29 15:50,35.0085779,137.0307345,,
2017/10/29 15:52,36.446912,140.5019064,,
2017/10/29 16:10,34.52555086,133.7573765,,
2017/10/29 16:23,35.67492704,139.5940271,35.67492704,139.5940271
2017/10/29 16:27,35.22914577,137.0830724,,
2017/10/29 16:32,35.67427555,139.5943157,,
2017/10/29 16:46,34.9952833,135.7587388,,
2017/10/29 16:49,34.69934054,137.7004657,,
2017/10/29 17:06,35.5520682,134.8063786,,
2017/10/29 17:18,35.5523444,134.8057906,35.55197779,134.8054473
2017/10/29 17:19,36.636012,138.1816246,,
2017/10/29 18:08,43.07098013,141.3710671,,
2017/10/29 18:10,36.11527719,140.2080738,,
2017/10/29 18:14,35.98338792,139.5426506,,
2017/10/29 18:16,36.3069679,139.7586592,,
2017/10/29 18:19,34.79035021,135.4048052,,
2017/10/29 18:32,36.2778163,139.3769371,,
2017/10/29 18:37,35.80875312,139.6982435,35.80863344,139.6981208
2017/10/29 19:03,33.95061098,130.9295634,,
2017/10/29 19:31,36.32258152,139.5819406,,
2017/10/29 19:42,35.30852352,139.2167337,,
2017/10/29 19:50,33.74963243,130.7406295,,
2017/10/29 19:51,35.68562827,139.6193541,,
2017/10/29 20:10,34.65035824,133.9192046,,
2017/10/29 20:14,34.59929173,133.8294305,,
2017/10/29 20:15,35.627629,139.8878787,,
2017/10/29 20:16,34.80442715,135.5280388,34.80439726,135.5272074
2017/10/29 20:24,36.33658775,139.8184384,,
2017/10/29 20:30,35.4132877,139.9560765,,
2017/10/29 20:30,35.41260567,139.9559692,,
2017/10/29 20:38,34.56741418,135.4994921,,
2017/10/29 20:46,35.7735975,138.3765215,,
2017/10/29 20:55,34.67068953,135.5116471,,
2017/10/29 21:01,36.03865173,139.8888757,,
2017/10/29 21:12,36.3132619,139.3882749,,
2017/10/29 21:52,36.3255582,136.4085237,,
2017/10/29 21:56,34.65278625,135.4753265,,
2017/10/29 22:13,34.5453796,135.5104379,,
2017/10/30 0:50,34.60987423,135.5298362,,
2017/10/30 1:06,35.98652774,139.57876,,
2017/10/30 4:10,36.0579225,136.219581,36.05790682,136.2194421
2017/10/30 4:35,35.95458607,139.6104576,,
2017/10/30 7:42,35.4408136,133.3297175,35.44103797,133.3292933
2017/10/30 7:47,35.93284163,136.0606711,,
2017/10/30 7:55,34.66942231,135.440615,,
2017/10/30 8:07,34.6801141,136.4603457,,
2017/10/30 8:11,34.76613441,137.9018293,,
2017/10/30 8:21,43.7544437,142.3856066,,
2017/10/30 8:23,35.7921681,139.5834997,,
2017/10/30 8:34,34.2702298,135.3485519,,
2017/10/30 8:40,35.35636119,137.0827228,35.35636119,137.0827228
2017/10/30 9:42,38.91017306,139.847409,,
2017/10/30 9:45,35.52126081,139.3291889,,
2017/10/30 10:00,35.57353049,140.2840897,,
2017/10/30 10:10,33.2405484,131.6339715,,
2017/10/30 10:18,34.97969212,136.9405084,,
2017/10/30 10:35,34.3018462,133.943446,,
2017/10/30 10:40,26.37681066,127.8555223,,
2017/10/30 10:44,34.9315896,137.1858959,,
2017/10/30 10:47,36.28841508,136.2551844,,
2017/10/30 10:48,34.3992803,132.423809,,
2017/10/30 11:02,35.15262227,136.8888091,,
2017/10/30 11:36,31.97780164,131.332462,,
2017/10/30 12:09,33.8471115,130.6265042,,
2017/10/30 12:37,35.36927519,139.5000095,,
2017/10/30 12:41,35.31646488,139.2713891,,
2017/10/30 12:52,35.10994109,136.3672765,,
2017/10/30 12:59,34.93298643,135.7579131,,
2017/10/30 13:00,33.32591811,130.5533435,,
2017/10/30 13:07,34.70537955,135.5102917,,
2017/10/30 13:07,34.76466615,135.4569983,,
2017/10/30 13:10,36.4842721,139.9234297,,
2017/10/30 13:20,35.06169758,137.00759,,
2017/10/30 13:31,34.94717755,135.6636354,,
2017/10/30 13:37,35.10987133,136.3672045,,
2017/10/30 13:37,36.4825848,139.9330055,,
2017/10/30 13:38,34.2367294,133.7869492,,
2017/10/30 13:40,26.22203133,127.7663085,,
2017/10/30 13:47,42.997549,141.4655407,,
2017/10/30 13:48,42.997549,141.4655407,,
2017/10/30 13:50,35.8286076,137.9841557,35.83368744,137.9838553
2017/10/30 13:53,35.64390776,139.6039095,,
2017/10/30 14:24,35.7142133,140.2449905,,
2017/10/30 14:35,35.63022654,139.7879929,,
2017/10/30 14:39,35.32693321,139.3362762,,
2017/10/30 14:55,34.68558581,135.1955425,,
2017/10/30 15:22,38.28136716,140.9907305,,
2017/10/30 15:34,34.1105008,133.7018078,,
2017/10/30 15:36,33.69252579,130.4346208,,
2017/10/30 16:07,35.02506154,138.4482496,,
2017/10/30 16:50,34.840976,138.3204584,,
2017/10/30 17:19,36.6313064,139.9437489,,
2017/10/30 17:20,34.69581516,134.0281305,,
2017/10/30 17:30,38.7923572,140.6750688,,
2017/10/30 17:31,35.79458914,139.8507773,,
2017/10/30 17:33,35.1320807,136.9501656,,
2017/10/30 17:35,35.5568795,139.4587256,35.55688294,139.4587881
2017/10/30 17:39,34.29429044,133.9615709,,
2017/10/30 17:43,33.5721253,130.4084779,33.5721253,130.4084779
2017/10/30 18:23,33.6535988,130.6579822,,
2017/10/30 18:45,34.5210185,135.8475643,,
2017/10/30 18:48,34.85209475,135.7328495,,
2017/10/30 19:03,36.17236166,139.9311663,36.17213648,139.9307801
2017/10/30 19:11,35.77800751,139.6754263,,
2017/10/30 19:45,34.93619107,135.7497982,,
2017/10/30 19:45,36.41454255,140.4828743,,
2017/10/30 20:56,34.76133805,137.3330021,,
2017/10/30 20:57,35.9808612,139.4651914,,
2017/10/30 23:28,37.83623262,140.8937897,,
2017/10/31 1:10,34.82703628,135.2877833,,
2017/10/31 4:42,34.6687488,135.5591787,,
2017/10/31 7:05,42.87923005,141.5865314,,
2017/10/31 7:24,38.69202696,141.4722194,,
2017/10/31 7:39,34.47255934,132.5579125,,
2017/10/31 7:57,34.50826235,133.4301074,34.50926612,133.4303037
2017/10/31 8:04,35.16509954,136.9597155,,
2017/10/31 8:29,33.9600766,133.4958631,,
2017/10/31 8:31,35.40648302,140.3579157,,
2017/10/31 9:22,36.6748767,137.1715605,,
2017/10/31 9:23,35.3452649,136.7870449,,
2017/10/31 10:00,35.9252885,140.0220439,35.92533246,140.0220944
2017/10/31 10:14,34.6315638,135.4935893,,
2017/10/31 10:23,35.42428431,140.336321,,
2017/10/31 10:31,34.83076187,138.0153551,,
2017/10/31 10:46,34.87011188,135.6174194,,
2017/10/31 11:14,37.44031196,138.8603091,,
2017/10/31 11:24,32.78149846,130.752274,,
2017/10/31 11:27,31.89900204,131.4595654,,
2017/10/31 11:35,35.36391714,138.9788507,,
2017/10/31 11:43,35.84718636,139.6485518,,
2017/10/31 11:47,35.1026569,134.6934269,,
2017/10/31 11:54,34.9690956,135.9318885,,
2017/10/31 12:09,40.52858147,141.447446,,
2017/10/31 12:12,34.59710736,135.4752693,,
2017/10/31 12:50,37.73991456,139.1724612,,
2017/10/31 12:56,34.4473662,132.6735366,,
2017/10/31 12:57,33.17985829,129.7215259,33.18957365,129.7180927
2017/10/31 13:12,36.40214407,139.7547499,,
2017/10/31 13:16,35.67313558,139.7801034,,
2017/10/31 14:08,34.6757699,135.5431344,,
2017/10/31 14:27,34.47143646,132.6597137,,
2017/10/31 14:38,35.4567532,139.4881702,35.45458772,139.4870358
2017/10/31 14:48,34.51110476,135.6153925,,
2017/10/31 14:51,36.5386463,136.6395652,,
2017/10/31 15:01,36.52723588,136.6863954,,
2017/10/31 15:13,31.58376974,130.5422435,,
2017/10/31 15:52,34.72073996,135.436751,,
2017/10/31 16:13,35.87916567,139.6367716,,
2017/10/31 16:20,34.6391393,133.9035861,,
2017/10/31 16:34,35.15352631,136.8644649,,
2017/10/31 17:31,36.1277523,140.2296843,36.13354916,140.2357638
2017/10/31 17:40,35.0142753,136.9588045,35.01420343,136.9594829
2017/10/31 18:16,33.26286164,130.3023509,,
2017/10/31 18:17,36.28090158,139.3776095,,
2017/10/31 18:43,34.6835154,135.5654467,34.68291485,135.5687734
2017/10/31 19:13,36.4995959,138.9925062,,
2017/10/31 19:27,34.19456697,133.8422373,,
2017/10/31 19:55,35.34024424,136.8626222,,
2017/10/31 20:06,34.5352958,135.7150293,,
2017/10/31 20:27,33.98522784,134.5898413,,
2017/10/31 20:32,34.9719829,136.9715252,34.97185191,136.9714712
2017/10/31 20:45,34.58744175,135.6300593,,
2017/10/31 20:46,35.0590932,138.5260982,,
2017/10/31 20:47,34.52987721,133.6572514,,
2017/10/31 22:31,38.38741693,140.2783202,,
2017/10/31 23:57,33.5552021,130.3022863,,
2017/10/31 23:57,36.1584814,139.967261,,